id,folder,instrument,matchup,N_vs_N,observed,actual_winner,predicted,predicted_ceil,predicted_winner,pcterr,abs_pcterr,domain_class,verdict,flags,arithmetic
AlpacaMueller_21v1_FC1T6MMvT1Inf_NoAttackerHero_Gatotlvl1_20260712_194705,AlpacaGatot_FC1_T6_LanMM,gatot_threshold,MMT6x21 -> InfT1x1,21v1,1500,defender,capped,1500+,defender,,,out_capped_stalemate,PASS,G_w_bounded_marksman;budget_Mueller_Gatot_S123_L1;gatot_budget;capped_check,att->def [Gatot-B: pool=23.168*12.522=290.11; r=(30.382*27.492)/(90.11*1)=9.26936; net=21*r-201.95=0; capped]; def->att [t=73.16*(18.62*16.03)*1/(5.81*2.12*1)*1*0.0846/sqrt(1)=149.984]
AlpacaMueller_22v1_FC1T6MMvT1Inf_NoAttackerHero_Gatotlvl1_20260712_194558,AlpacaGatot_FC1_T6_LanMM,gatot_gate,MMT6x22 -> InfT1x1,22v1,147,attacker,146.824145,147,attacker,-0.119629,0.119629,in_gatot_budget,PASS,G_w_bounded_marksman;budget_Mueller_Gatot_S123_L1;gatot_budget;ceil_exact_or_in_band,att->def [Gatot-B: pool=23.168*12.522=290.11; r=(30.382*27.492)/(90.11*1)=9.26936; net=22*r-201.95=1.9759; t=pool/net=146.824]; def->att [t=73.16*(18.62*16.03)*1/(5.81*2.12*1)*1*0.0846/sqrt(1)=149.984]
AlpacaMueller_40v1_FC1T6LanvT1Inf_NoAttackerHero_Gatotlvl1_20260712_unknown,AlpacaGatot_FC1_T6_LanMM,gatot_threshold,LanT6x40 -> InfT1x1,40v1,1500,defender,capped,1500+,defender,,,out_capped_stalemate,PASS,G_l_fallback_infantry;budget_Mueller_Gatot_S123_L1;gatot_K_LanInf_implied;gatot_budget;capped_check,att->def [Gatot-B: pool=23.168*12.522=290.11; r=(28.27*25.905)/(91*1.625)=4.95239; net=40*r-201.95=0; capped]; def->att [t=22.43*(21.04*16.387)*1/(5.81*2.12*1)*1*0.748/sqrt(1)=469.639]
AlpacaMueller_41v1_FC1T6LanvT1Inf_NoAttackerHero_Gatotlvl1_20260712_200204,AlpacaGatot_FC1_T6_LanMM,gatot_gate,LanT6x41 -> InfT1x1,41v1,286,attacker,264.240323,265,attacker,-7.608279,7.608279,in_gatot_budget,PASS,G_l_fallback_infantry;budget_Mueller_Gatot_S123_L1;gatot_K_LanInf_implied;gatot_budget,att->def [Gatot-B: pool=23.168*12.522=290.11; r=(28.27*25.905)/(91*1.625)=4.95239; net=41*r-201.95=1.0979; t=pool/net=264.24]; def->att [t=22.43*(21.04*16.387)*1/(5.81*2.12*1)*1*0.748/sqrt(1)=469.639]
ENIF1b_R01_MuellerGordon_T1Inf_v_AlpacaFC1T1MM_20260717_004328,ENIF,exact_1v1,InfT1x1 -> MMT1x1,1v1,"[69,71]",attacker,66.448796,67,attacker,-5.073149,5.073149,in_exact_duel,PASS,,att->def [t=73.16*(2.66*2.29)*1/(3.021*2.22*1)*1*1/sqrt(1)=66.4488]; def->att [t=90.11*(12.108*13.122)*1/(13.81*13.746*1)*1*1/sqrt(1)=75.4181]
ENIF1b_R02_MuellerGordon_T1Inf_v_AlpacaFC1T1MM_20260717_004437,ENIF,exact_1v1,InfT1x1 -> MMT1x1,1v1,"[66,67]",defender,66.501146,67,defender,0.001723,0.001723,in_exact_duel,PASS,ceil_exact_or_in_band,att->def [t=73.16*(2.66*2.29)*1/(2.791*2.12*1)*1*1/sqrt(1)=75.3174]; def->att [t=90.11*(11.188*12.522)*1/(13.81*13.746*1)*1*1/sqrt(1)=66.5011]
ENIF1b_R03_MuellerGordon_T1Inf_v_AlpacaFC1T1MM_20260717_004607,ENIF,exact_1v1,InfT1x1 -> MMT1x2,1v2,"[52,53]",defender,53.328629,54,defender,1.578341,1.578341,in_exact_duel,PASS,,att->def [t=73.16*(2.66*2.29)*1/(3.021*2.22*1)*1*1/sqrt(1)=66.4488]; def->att [t=90.11*(12.108*13.122)*1/(13.81*13.746*1)*1*1/sqrt(2)=53.3286]
ENIF1b_R04_MuellerGordon_T1Inf_v_AlpacaFC1T1MM_20260717_004622,ENIF,exact_1v1,InfT1x1 -> MMT1x1,1v1,"[69,71]",attacker,66.448796,67,attacker,-5.073149,5.073149,in_exact_duel,PASS,,att->def [t=73.16*(2.66*2.29)*1/(3.021*2.22*1)*1*1/sqrt(1)=66.4488]; def->att [t=90.11*(12.108*13.122)*1/(13.81*13.746*1)*1*1/sqrt(1)=75.4181]
ENIF2_R05_AlpacaFC1T1MM_v_MuellerT1InfGatot_20260717_004906,ENIF,exact_1v1,MMT1x1 -> InfT1x1,1v1,38,defender,36.180855,37,defender,-4.787224,4.787224,in_exact_duel,PASS,budget_Mueller_Gatot_S123_L1;gatot_budget,att->def [Gatot-B: pool=23.268*12.522=291.362; r=(13.81*13.746)/(90.11*1)=2.10667; net=1*r-201.95=0; capped]; def->att [t=73.16*(2.66*2.29)*1/(5.81*2.12*1)*1*1/sqrt(1)=36.1809]
ENIF2_R06_AlpacaFC1T3MM_v_MuellerT1InfGatot_20260717_004958,ENIF,exact_1v1,MMT3x1 -> InfT1x1,1v1,81,defender,81.016170,82,defender,0.019963,0.019963,in_exact_duel,PASS,G_w_bounded_marksman;budget_Mueller_Gatot_S123_L1;gatot_budget,att->def [Gatot-B: pool=23.268*12.522=291.362; r=(22.096*20.619)/(90.11*1)=5.05601; net=1*r-201.95=0; capped]; def->att [t=73.16*(7.98*6.87)*1/(5.81*2.12*1)*1*0.2488/sqrt(1)=81.0162]
ENIF2_R07_AlpacaFC1T6MM_v_MuellerT1InfGatot_20260717_005034,ENIF,exact_1v1,MMT6x1 -> InfT1x1,1v1,150,defender,149.984115,150,defender,-0.010590,0.010590,in_exact_duel,PASS,G_w_bounded_marksman;budget_Mueller_Gatot_S123_L1;gatot_budget;ceil_exact_or_in_band,att->def [Gatot-B: pool=23.268*12.522=291.362; r=(30.382*27.492)/(90.11*1)=9.26936; net=1*r-201.95=0; capped]; def->att [t=73.16*(18.62*16.03)*1/(5.81*2.12*1)*1*0.0846/sqrt(1)=149.984]
ENIF2_R11_AlpacaFC1T3MMVulcanus_v_MuellerT1InfGatot_NoAlliance_20260717_191558,ENIF,gatot_gate,MMT3x1 -> InfT1x1,1v1,21,attacker,20.419398,21,attacker,-2.764771,2.764771,in_gatot_scurve,PASS,G_w_bounded_marksman;gatot_scurve;ceil_exact_or_in_band,att->def [Gatot-S: pool=.88*(23.268*12.522)=256.398; d=(91.96*31.248)/90.11=31.8895; S=1+10.7274*exp(-31.8895/16.8932)=2.62432; rate=d*(31/30)*seo/S*sqrt(1)=12.5566; t=20.4194]; def->att [t=73.16*(34.179*7.518)*1/(5.81*2.12*0.96)*1*0.2488/sqrt(1)=395.551]
ENIF2_R12_AlpacaFC1T6MMVulcanus_v_MuellerT1InfGatot_NoAlliance_20260717_191649,ENIF,gatot_gate,MMT6x1 -> InfT1x1,1v1,6,attacker,5.673878,6,attacker,-5.435370,5.435370,in_gatot_scurve,PASS,G_w_bounded_marksman;gatot_scurve;ceil_exact_or_in_band,att->def [Gatot-S: pool=.88*(23.268*12.522)=256.398; d=(126.445*41.664)/90.11=58.4641; S=1+10.7274*exp(-58.4641/16.8932)=1.33689; rate=d*(31/30)*seo/S*sqrt(1)=45.1893; t=5.67388]; def->att [t=73.16*(79.751*17.542)*1/(5.81*2.12*0.96)*1*0.0846/sqrt(1)=732.278]
ENIF3_R08_AlpacaFC1T1Lan_v_MuellerT1MMGordon_20260717_005355,ENIF,exact_1v1,LanT1x1 -> MMT1x1,1v1,"[21,23]",attacker,21.999971,22,attacker,-0.000130,0.000130,in_exact_duel,PASS,base_mismatch;factorized_K;ceil_exact_or_in_band,att->def [t=488.71*(2.742*2.186)*1/(11.308*11.775*1)*1*1/sqrt(1)=22]; def->att [t=167.557*(5.26*4.682)*1/(13.955*13.272*1)*1*1/sqrt(1)=22.28]
ENIF3_R09_AlpacaFC1T3Lan_v_MuellerT1MMGordon_20260717_005448,ENIF,exact_1v1,LanT3x1 -> MMT1x1,1v1,"[9,11]",attacker,9.999904,10,attacker,-0.000963,0.000963,in_exact_duel,PASS,G_l_fallback_infantry;base_mismatch;factorized_K;ceil_exact_or_in_band,att->def [t=488.71*(2.742*2.186)*1/(16.962*18.84*1)*1.0909*1/sqrt(1)=9.9999]; def->att [t=167.557*(10.52*9.364)*1/(13.955*13.272*1)*1*0.904/sqrt(1)=80.5644]
ENIF3_R10_AlpacaFC1T6Lan_v_MuellerT1MMGordon_20260717_005543,ENIF,exact_1v1,LanT6x1 -> MMT1x1,1v1,"[6,7]",attacker,6.499992,7,attacker,-0.000130,0.000130,in_exact_duel,PASS,G_l_fallback_infantry;base_mismatch;factorized_K;ceil_exact_or_in_band,att->def [t=488.71*(2.742*2.186)*1/(28.27*25.905*1)*1.625*1/sqrt(1)=6.49999]; def->att [t=167.557*(21.04*16.387)*1/(13.955*13.272*1)*1*0.748/sqrt(1)=233.316]
LabRat_1v1_T1InfvT2Inf_NoAttackerHero_Gatotlvl1_20260712_180229,FarSeerGatot_v3,exact_1v1,InfT1x1 -> InfT2x1,1v1,62,defender,61.950917,62,defender,-0.079166,0.079166,in_exact_duel,PASS,ceil_exact_or_in_band,att->def [t=12.524*(14.605*7)*1/(1.04*1.018*1)*1*0.996/sqrt(1)=1204.54]; def->att [t=12.524*(4.2*6.33)*1/(7.202*2*1)*2.68*1/sqrt(1)=61.9509]
LabRat_1v1_T1LanvT1Inf_NoAttackerHero_Gatotlvl1_20260712_175807,FarSeerGatot_v3,exact_1v1,LanT1x1 -> InfT1x1,1v1,24,defender,22.760332,23,defender,-5.165285,5.165285,in_exact_duel,PASS,budget_FarSeer_Gatot_S12_L1;factorized_K;gatot_budget,att->def [Gatot-B: pool=12.084*6.6=79.7544; r=(4.112*5.025)/(83.6605*1)=0.246984; net=1*r-30.15=0; capped]; def->att [t=22.43*(2.046*2.03)*1/(3.721*1.1*1)*1*1/sqrt(1)=22.7603]
LabRat_1v1_T1LanvT1Inf_NoAttackerHero_Gatotlvl1_20260712_175937,FarSeerGatot_v3,exact_1v1,LanT1x1 -> InfT1x1,1v1,27,defender,25.870679,26,defender,-4.182672,4.182672,in_exact_duel,PASS,budget_FarSeer_Gatot_S12_L1;factorized_K;gatot_budget,att->def [Gatot-B: pool=11.684*6=70.104; r=(4.112*5.025)/(83.6605*1)=0.246984; net=1*r-30.15=0; capped]; def->att [t=22.43*(2.046*2.03)*1/(3.601*1*1)*1*1/sqrt(1)=25.8707]
LabRat_1v1_T1LanvT2Inf_NoAttackerHero_Gatotlvl1_20260712_180101,FarSeerGatot_v3,exact_1v1,LanT1x1 -> InfT2x1,1v1,18,defender,17.333355,18,defender,-3.703585,3.703585,in_exact_duel,PASS,budget_FarSeer_Gatot_S12_L1;factorized_K;gatot_budget;ceil_exact_or_in_band,att->def [Gatot-B: pool=14.605*7=102.235; r=(4.112*5.025)/(83.6605*1)=0.246984; net=1*r-30.15=0; capped]; def->att [t=22.43*(2.046*2.03)*1/(7.202*2*1)*2.68*1/sqrt(1)=17.3334]
LabRat_1v1_T1LanvT2Inf_NoAttackerHero_Gatotlvl1_20260712_180341,FarSeerGatot_v3,exact_1v1,LanT1x1 -> InfT2x1,1v1,18,defender,17.333355,18,defender,-3.703585,3.703585,in_exact_duel,PASS,budget_FarSeer_Gatot_S12_L1;factorized_K;gatot_budget;ceil_exact_or_in_band,att->def [Gatot-B: pool=14.605*7=102.235; r=(4.112*5.025)/(83.6605*1)=0.246984; net=1*r-30.15=0; capped]; def->att [t=22.43*(2.046*2.03)*1/(7.202*2*1)*2.68*1/sqrt(1)=17.3334]
LabRat_1v1_T1LanvT3Inf_NoAttackerHero_Gatotlvl1_20260712_180446,FarSeerGatot_v3,exact_1v1,LanT1x1 -> InfT3x1,1v1,13,defender,12.426549,13,defender,-4.411160,4.411160,in_exact_duel,PASS,base_mismatch;budget_FarSeer_Gatot_S12_L1;factorized_K;gatot_budget;ceil_exact_or_in_band,att->def [Gatot-B: pool=17.526*9=157.734; r=(4.112*5.025)/(83.6605*1)=0.246984; net=1*r-30.15=0; capped]; def->att [t=22.43*(2.046*2.03)*1/(10.803*3*1)*4.323*1/sqrt(1)=12.4265]
LabRat_1v1_T1LanvT4Inf_NoAttackerHero_Gatotlvl1_20260712_180608,FarSeerGatot_v3,exact_1v1,LanT1x1 -> InfT4x1,1v1,10,defender,9.513942,10,defender,-4.860580,4.860580,in_exact_duel,PASS,base_mismatch;budget_FarSeer_Gatot_S12_L1;factorized_K;gatot_budget;ceil_exact_or_in_band,att->def [Gatot-B: pool=23.368*10=233.68; r=(4.112*5.025)/(83.6605*1)=0.246984; net=1*r-30.15=0; capped]; def->att [t=22.43*(2.046*2.03)*1/(14.404*4*1)*5.884*1/sqrt(1)=9.51394]
LabRat_1v1_T1LanvT5Inf_NoAttackerHero_Gatotlvl1_20260712_180803,FarSeerGatot_v3,exact_1v1,LanT1x1 -> InfT5x1,1v1,9,defender,8.443327,9,defender,-6.185254,6.185254,in_exact_duel,PASS,base_mismatch;budget_FarSeer_Gatot_S12_L1;factorized_K;gatot_budget;ceil_exact_or_in_band,att->def [Gatot-B: pool=26.289*11=289.179; r=(4.112*5.025)/(83.6605*1)=0.246984; net=1*r-30.15=0; capped]; def->att [t=22.43*(2.046*2.03)*1/(21.606*5*1)*9.791*1/sqrt(1)=8.44333]
LabRat_1v1_T1LanvT6Inf_NoAttackerHero_Gatotlvl1_20260712_180932,FarSeerGatot_v3,exact_1v1,LanT1x1 -> InfT6x1,1v1,7,defender,6.707281,7,defender,-4.181694,4.181694,in_exact_duel,PASS,base_mismatch;budget_FarSeer_Gatot_S12_L1;factorized_K;gatot_budget;ceil_exact_or_in_band,att->def [Gatot-B: pool=29.21*12=350.52; r=(4.112*5.025)/(83.6605*1)=0.246984; net=1*r-30.15=0; capped]; def->att [t=22.43*(2.046*2.03)*1/(25.207*6*1)*10.889*1/sqrt(1)=6.70728]
LabRat_1v1_T1MMvT1Inf_NoAttackerHero_Gatotlvl1_20260712_175821,FarSeerGatot_v3,exact_1v1,MMT1x1 -> InfT1x1,1v1,19,defender,18.559361,19,defender,-2.319153,2.319153,in_exact_duel,PASS,base_mismatch;budget_FarSeer_Gatot_S12_L1;gatot_budget;ceil_exact_or_in_band,att->def [Gatot-B: pool=12.084*6.6=79.7544; r=(5.14*6.03)/(90.11*1)=0.34396; net=1*r-30.15=0; capped]; def->att [t=73.16*(1.023*1.015)*1/(3.721*1.1*1)*1*1/sqrt(1)=18.5594]
LabRat_1v1_T1MMvT1Inf_NoAttackerHero_Gatotlvl1_20260712_180006,FarSeerGatot_v3,exact_1v1,MMT1x1 -> InfT1x1,1v1,22,defender,21.095618,22,defender,-4.110828,4.110828,in_exact_duel,PASS,base_mismatch;budget_FarSeer_Gatot_S12_L1;gatot_budget;ceil_exact_or_in_band,att->def [Gatot-B: pool=11.684*6=70.104; r=(5.14*6.03)/(90.11*1)=0.34396; net=1*r-30.15=0; capped]; def->att [t=73.16*(1.023*1.015)*1/(3.601*1*1)*1*1/sqrt(1)=21.0956]
LabRat_1v1_T1MMvT2Inf_NoAttackerHero_Gatotlvl1_20260712_180149,FarSeerGatot_v3,exact_1v1,MMT1x1 -> InfT2x1,1v1,15,defender,14.134064,15,defender,-5.772907,5.772907,in_exact_duel,PASS,base_mismatch;budget_FarSeer_Gatot_S12_L1;gatot_budget;ceil_exact_or_in_band,att->def [Gatot-B: pool=14.605*7=102.235; r=(5.14*6.03)/(90.11*1)=0.34396; net=1*r-30.15=0; capped]; def->att [t=73.16*(1.023*1.015)*1/(7.202*2*1)*2.68*1/sqrt(1)=14.1341]
LabRat_1v1_T1MMvT2Inf_NoAttackerHero_Gatotlvl1_20260712_180406,FarSeerGatot_v3,exact_1v1,MMT1x1 -> InfT2x1,1v1,15,defender,14.134064,15,defender,-5.772907,5.772907,in_exact_duel,PASS,base_mismatch;budget_FarSeer_Gatot_S12_L1;gatot_budget;ceil_exact_or_in_band,att->def [Gatot-B: pool=14.605*7=102.235; r=(5.14*6.03)/(90.11*1)=0.34396; net=1*r-30.15=0; capped]; def->att [t=73.16*(1.023*1.015)*1/(7.202*2*1)*2.68*1/sqrt(1)=14.1341]
LabRat_1v1_T1MMvT3Inf_NoAttackerHero_Gatotlvl1_20260712_180531,FarSeerGatot_v3,exact_1v1,MMT1x1 -> InfT3x1,1v1,11,defender,10.132928,11,defender,-7.882468,7.882468,in_exact_duel,PASS,base_mismatch;budget_FarSeer_Gatot_S12_L1;gatot_budget;ceil_exact_or_in_band,att->def [Gatot-B: pool=17.526*9=157.734; r=(5.14*6.03)/(90.11*1)=0.34396; net=1*r-30.15=0; capped]; def->att [t=73.16*(1.023*1.015)*1/(10.803*3*1)*4.323*1/sqrt(1)=10.1329]
LabRat_1v1_T1MMvT4Inf_NoAttackerHero_Gatotlvl1_20260712_180622,FarSeerGatot_v3,exact_1v1,MMT1x1 -> InfT4x1,1v1,8,defender,7.757913,8,defender,-3.026081,3.026081,in_exact_duel,PASS,base_mismatch;budget_FarSeer_Gatot_S12_L1;gatot_budget;ceil_exact_or_in_band,att->def [Gatot-B: pool=23.368*10=233.68; r=(5.14*6.03)/(90.11*1)=0.34396; net=1*r-30.15=0; capped]; def->att [t=73.16*(1.023*1.015)*1/(14.404*4*1)*5.884*1/sqrt(1)=7.75791]
LabRat_1v1_T1MMvT5Inf_NoAttackerHero_Gatotlvl1_20260712_180821,FarSeerGatot_v3,exact_1v1,MMT1x1 -> InfT5x1,1v1,7,defender,6.884907,7,defender,-1.644193,1.644193,in_exact_duel,PASS,base_mismatch;budget_FarSeer_Gatot_S12_L1;gatot_budget;ceil_exact_or_in_band,att->def [Gatot-B: pool=26.289*11=289.179; r=(5.14*6.03)/(90.11*1)=0.34396; net=1*r-30.15=0; capped]; def->att [t=73.16*(1.023*1.015)*1/(21.606*5*1)*9.791*1/sqrt(1)=6.88491]
LabRat_1v1_T1MMvT6Inf_NoAttackerHero_Gatotlvl1_20260712_180945,FarSeerGatot_v3,exact_1v1,MMT1x1 -> InfT6x1,1v1,6,defender,5.469290,6,defender,-8.845165,8.845165,in_exact_duel,PASS,base_mismatch;budget_FarSeer_Gatot_S12_L1;gatot_budget;ceil_exact_or_in_band,att->def [Gatot-B: pool=29.21*12=350.52; r=(5.14*6.03)/(90.11*1)=0.34396; net=1*r-30.15=0; capped]; def->att [t=73.16*(1.023*1.015)*1/(25.207*6*1)*10.889*1/sqrt(1)=5.46929]
LabRat_2v1_T1LanT3MMvT2Inf_NoAttackerHero_Gatotlvl1_20260712_180321,FarSeerGatot_v3,mixed_other,LanT1x1+MMT3x1 -> InfT2x1,2v1,49,defender,48.982351,49,defender,-0.036019,0.036019,out_composition_other_defender,PASS,base_mismatch;budget_FarSeer_Gatot_S12_L1;composition_other_defender;factorized_K;gatot_budget;ceil_exact_or_in_band,sequential extension att->def [Gatot-B: pool=14.605*7=102.235; r=(4.112*5.025)/(83.6605*1)=0.246984; net=1*r-30.15=0; capped]; def->att [Lancerx1: t=22.43*(2.046*2.03)*1/(7.202*2*1)*2.68*1/sqrt(1)=17.3334; Marksmanx1: t=73.16*(3.069*3.045)*1/(7.202*2*1)*2.68*0.2488/sqrt(1)=31.649]
FarSeer_1v1_T1InfvT1Inf_AttInfA+188.6_Gatotlvl1_NoDefenderHero_20260712_083001,Lab Rat,exact_1v1,InfT1x1 -> InfT1x1,1v1,104,attacker,104.149688,105,attacker,0.143931,0.143931,in_exact_duel,PASS,lh_panel_uncaptured,att->def [t=12.524*(4*6)*1/(2.886*1*1)*1*1/sqrt(1)=104.15]; def->att [t=12.524*(11.464*6)*1/(1*1*1)*1*1/sqrt(1)=861.451]
FarSeer_1v1_T1InfvT1Inf_AttInfA+217.4_Gatotlvl1_NoDefenderHero_20260712_083146,Lab Rat,exact_1v1,InfT1x1 -> InfT1x1,1v1,95,attacker,94.699433,95,attacker,-0.316386,0.316386,in_exact_duel,PASS,lh_panel_uncaptured;ceil_exact_or_in_band,att->def [t=12.524*(4*6)*1/(3.174*1*1)*1*1/sqrt(1)=94.6994]; def->att [t=12.524*(11.464*6)*1/(1*1*1)*1*1/sqrt(1)=861.451]
FarSeer_1v1_T1InfvT1Inf_AttInfA+219.6_Gatotlvl1_NoDefenderHero_20260712_084011,Lab Rat,exact_1v1,InfT1x1 -> InfT1x1,1v1,94,attacker,94.047559,95,attacker,0.050595,0.050595,in_exact_duel,PASS,lh_panel_uncaptured,att->def [t=12.524*(4*6)*1/(3.196*1*1)*1*1/sqrt(1)=94.0476]; def->att [t=12.524*(11.464*6)*1/(1*1*1)*1*1/sqrt(1)=861.451]
FarSeer_1v1_T1InfvT1Inf_AttInfA+248.7_Gatotlvl1_NoDefenderHero_20260712_085141,Lab Rat,exact_1v1,InfT1x1 -> InfT1x1,1v1,87,attacker,86.199025,87,attacker,-0.920661,0.920661,in_exact_duel,PASS,lh_panel_uncaptured;ceil_exact_or_in_band,att->def [t=12.524*(4*6)*1/(3.487*1*1)*1*1/sqrt(1)=86.199]; def->att [t=12.524*(11.464*6)*1/(1*1*1)*1*1/sqrt(1)=861.451]
FarSeer_1v1_T1InfvT1Inf_AttInfA+251.1_Gatotlvl1_NoDefenderHero_20260712_085329,Lab Rat,exact_1v1,InfT1x1 -> InfT1x1,1v1,86,attacker,85.609798,86,attacker,-0.453724,0.453724,in_exact_duel,PASS,lh_panel_uncaptured;ceil_exact_or_in_band,att->def [t=12.524*(4*6)*1/(3.511*1*1)*1*1/sqrt(1)=85.6098]; def->att [t=12.524*(11.464*6)*1/(1*1*1)*1*1/sqrt(1)=861.451]
FarSeer_1v1_T1InfvT1Inf_AttInfA+257.7D+186.6L+0.0H+0.0_DefInfA+14.0D+15.0L+11.8H+12.8_Gatotlvl1_NoDefenderHero_20260712_125440,Lab Rat,exact_1v1,InfT1x1 -> InfT1x1,1v1,109,attacker,109.003966,110,attacker,0.003639,0.003639,in_exact_duel,PASS,,att->def [t=12.524*(4.6*6.768)*1/(3.577*1*1)*1*1/sqrt(1)=109.004]; def->att [t=12.524*(11.464*6)*1/(1.14*1.118*1)*1*1/sqrt(1)=675.902]
FarSeer_1v1_T1InfvT1Inf_AttInfA+257.7D+186.6L+0.0H+0.0_DefInfA+19.6D+20.6L+1.8H+2.8_Gatotlvl1_NoDefenderHero_20260712_125607,Lab Rat,exact_1v1,InfT1x1 -> InfT1x1,1v1,104,attacker,104.177944,105,attacker,0.171100,0.171100,in_exact_duel,PASS,,att->def [t=12.524*(4.824*6.168)*1/(3.577*1*1)*1*1/sqrt(1)=104.178]; def->att [t=12.524*(11.464*6)*1/(1.196*1.018*1)*1*1/sqrt(1)=707.541]
FarSeer_1v1_T1InfvT1Inf_AttInfA+257.7D+186.6L+0.0H+0.0_DefInfA+4.0D+5.0L+1.8H+14.4_Gatotlvl1_NoDefenderHero_20260712_130906,Lab Rat,exact_1v1,InfT1x1 -> InfT1x1,1v1,101,attacker,100.937068,101,attacker,-0.062309,0.062309,in_exact_duel,PASS,ceil_exact_or_in_band,att->def [t=12.524*(4.2*6.864)*1/(3.577*1*1)*1*1/sqrt(1)=100.937]; def->att [t=12.524*(11.464*6)*1/(1.04*1.018*1)*1*1/sqrt(1)=813.672]
FarSeer_1v1_T1InfvT1Inf_AttInfA+257.7D+186.6L+0.0H+0.0_DefInfA+4.0D+5.0L+1.8H+4.0_Gatotlvl1_NoDefenderHero_20260712_130534,Lab Rat,exact_1v1,InfT1x1 -> InfT1x1,1v1,92,attacker,91.760971,92,attacker,-0.259815,0.259815,in_exact_duel,PASS,ceil_exact_or_in_band,att->def [t=12.524*(4.2*6.24)*1/(3.577*1*1)*1*1/sqrt(1)=91.761]; def->att [t=12.524*(11.464*6)*1/(1.04*1.018*1)*1*1/sqrt(1)=813.672]
FarSeer_1v1_T1InfvT1Inf_AttInfA+257.7D+186.6L+0.0H+0.0_DefInfA+4.0D+5.0L+1.8H+4.0_Gatotlvl1_NoDefenderHero_20260712_130627,Lab Rat,exact_1v1,InfT1x1 -> InfT1x1,1v1,92,attacker,91.760971,92,attacker,-0.259815,0.259815,in_exact_duel,PASS,ceil_exact_or_in_band,att->def [t=12.524*(4.2*6.24)*1/(3.577*1*1)*1*1/sqrt(1)=91.761]; def->att [t=12.524*(11.464*6)*1/(1.04*1.018*1)*1*1/sqrt(1)=813.672]
FarSeer_1v1_T1InfvT1Inf_AttInfA+257.7D+192.1L+0.0H+0.0_DefInfA+14.0D+15.0L+11.8H+27.1_Gatotlvl1_NoDefenderHero_20260712_135033,Lab Rat,exact_1v1,InfT1x1 -> InfT1x1,1v1,123,attacker,122.822731,123,attacker,-0.144121,0.144121,in_exact_duel,PASS,ceil_exact_or_in_band,att->def [t=12.524*(4.6*7.626)*1/(3.577*1*1)*1*1/sqrt(1)=122.823]; def->att [t=12.524*(11.684*6)*1/(1.14*1.118*1)*1*1/sqrt(1)=688.873]
FarSeer_1v1_T1InfvT1Inf_AttInfA+257.7D+192.1L+0.0H+0.0_DefInfA+4.0D+5.0L+1.8H+16.1_Gatotlvl1_NoDefenderHero_20260712_135000,Lab Rat,exact_1v1,InfT1x1 -> InfT1x1,1v1,103,attacker,102.437007,103,attacker,-0.546595,0.546595,in_exact_duel,PASS,ceil_exact_or_in_band,att->def [t=12.524*(4.2*6.966)*1/(3.577*1*1)*1*1/sqrt(1)=102.437]; def->att [t=12.524*(11.684*6)*1/(1.04*1.018*1)*1*1/sqrt(1)=829.287]
FarSeer_1v1_T1InfvT1Inf_AttInfA+257.7_DefInfA+19.6D+32.6H+10.0_Gatotlvl1_NoDefenderHero_20260712_093521,Lab Rat,exact_1v1,InfT1x1 -> InfT1x1,1v1,123,attacker,122.566439,123,attacker,-0.352488,0.352488,in_exact_duel,PASS,lh_panel_uncaptured;ceil_exact_or_in_band,att->def [t=12.524*(5.304*6.6)*1/(3.577*1*1)*1*1/sqrt(1)=122.566]; def->att [t=12.524*(11.464*6)*1/(1.196*1*1)*1*1/sqrt(1)=720.277]
FarSeer_1v1_T1InfvT1Inf_AttInfA+257.7_DefInfA+19.6D+32.6_Gatotlvl1_NoDefenderHero_20260712_092727,Lab Rat,exact_1v1,InfT1x1 -> InfT1x1,1v1,112,attacker,111.424036,112,attacker,-0.514254,0.514254,in_exact_duel,PASS,lh_panel_uncaptured;ceil_exact_or_in_band,att->def [t=12.524*(5.304*6)*1/(3.577*1*1)*1*1/sqrt(1)=111.424]; def->att [t=12.524*(11.464*6)*1/(1.196*1*1)*1*1/sqrt(1)=720.277]
FarSeer_1v1_T1InfvT1Inf_AttInfA+257.7_DefInfA+19.6D+32.6_Gatotlvl1_NoDefenderHero_20260712_093016,Lab Rat,exact_1v1,InfT1x1 -> InfT1x1,1v1,112,attacker,111.424036,112,attacker,-0.514254,0.514254,in_exact_duel,PASS,lh_panel_uncaptured;ceil_exact_or_in_band,att->def [t=12.524*(5.304*6)*1/(3.577*1*1)*1*1/sqrt(1)=111.424]; def->att [t=12.524*(11.464*6)*1/(1.196*1*1)*1*1/sqrt(1)=720.277]
FarSeer_1v1_T1InfvT1Inf_AttInfA+257.7_DefInfA+4.0D+0.0_Gatotlvl1_NoDefenderHero_20260712_092047,Lab Rat,exact_1v1,InfT1x1 -> InfT1x1,1v1,84,attacker,84.030193,85,attacker,0.035944,0.035944,in_exact_duel,PASS,lh_panel_uncaptured,att->def [t=12.524*(4*6)*1/(3.577*1*1)*1*1/sqrt(1)=84.0302]; def->att [t=12.524*(11.464*6)*1/(1.04*1*1)*1*1/sqrt(1)=828.318]
FarSeer_1v1_T1InfvT1Inf_AttInfA+257.7_DefInfA+4.0D+10.0_Gatotlvl1_NoDefenderHero_20260712_092223,Lab Rat,exact_1v1,InfT1x1 -> InfT1x1,1v1,93,attacker,92.433212,93,attacker,-0.609449,0.609449,in_exact_duel,PASS,lh_panel_uncaptured;ceil_exact_or_in_band,att->def [t=12.524*(4.4*6)*1/(3.577*1*1)*1*1/sqrt(1)=92.4332]; def->att [t=12.524*(11.464*6)*1/(1.04*1*1)*1*1/sqrt(1)=828.318]
FarSeer_1v1_T1InfvT1Inf_AttInfA+257.7_DefInfA+4.0D+15.5H+10.0_Gatotlvl1_NoDefenderHero_20260712_093608,Lab Rat,exact_1v1,InfT1x1 -> InfT1x1,1v1,107,attacker,106.760360,107,attacker,-0.223963,0.223963,in_exact_duel,PASS,lh_panel_uncaptured;ceil_exact_or_in_band,att->def [t=12.524*(4.62*6.6)*1/(3.577*1*1)*1*1/sqrt(1)=106.76]; def->att [t=12.524*(11.464*6)*1/(1.04*1*1)*1*1/sqrt(1)=828.318]
FarSeer_1v1_T1InfvT1Inf_AttInfA+257.7_DefInfA+4.0D+15.5H+11.1_Gatotlvl1_NoDefenderHero_20260712_095059,Lab Rat,exact_1v1,InfT1x1 -> InfT1x1,1v1,108,attacker,107.827964,108,attacker,-0.159293,0.159293,in_exact_duel,PASS,lh_panel_uncaptured;ceil_exact_or_in_band,att->def [t=12.524*(4.62*6.666)*1/(3.577*1*1)*1*1/sqrt(1)=107.828]; def->att [t=12.524*(11.464*6)*1/(1.04*1*1)*1*1/sqrt(1)=828.318]
FarSeer_1v1_T1InfvT1Inf_AttInfA+257.7_DefInfA+4.0D+15.5_Gatotlvl1_NoDefenderHero_20260712_092648,Lab Rat,exact_1v1,InfT1x1 -> InfT1x1,1v1,97,attacker,97.054873,98,attacker,0.056570,0.056570,in_exact_duel,PASS,lh_panel_uncaptured,att->def [t=12.524*(4.62*6)*1/(3.577*1*1)*1*1/sqrt(1)=97.0549]; def->att [t=12.524*(11.464*6)*1/(1.04*1*1)*1*1/sqrt(1)=828.318]
FarSeer_1v1_T1InfvT1Inf_AttInfA+257.7_DefInfA+4.0D+5.0H+1.0_Gatotlvl1_NoDefenderHero_20260712_123341,Lab Rat,exact_1v1,InfT1x1 -> InfT1x1,1v1,89,attacker,89.114020,90,attacker,0.128112,0.128112,in_exact_duel,PASS,lh_panel_uncaptured,att->def [t=12.524*(4.2*6.06)*1/(3.577*1*1)*1*1/sqrt(1)=89.114]; def->att [t=12.524*(11.464*6)*1/(1.04*1*1)*1*1/sqrt(1)=828.318]
FarSeer_1v1_T1InfvT1Inf_AttInfA+257.7_DefInfA+4.0D+5.0H+1.5_Gatotlvl1_NoDefenderHero_20260712_123621,Lab Rat,exact_1v1,InfT1x1 -> InfT1x1,1v1,90,attacker,89.555178,90,attacker,-0.494247,0.494247,in_exact_duel,PASS,lh_panel_uncaptured;ceil_exact_or_in_band,att->def [t=12.524*(4.2*6.09)*1/(3.577*1*1)*1*1/sqrt(1)=89.5552]; def->att [t=12.524*(11.464*6)*1/(1.04*1*1)*1*1/sqrt(1)=828.318]
FarSeer_1v1_T1InfvT1Inf_AttInfA+257.7_Gatotlvl1_NoDefenderHero_20260712_090948,Lab Rat,exact_1v1,InfT1x1 -> InfT1x1,1v1,84,attacker,84.030193,85,attacker,0.035944,0.035944,in_exact_duel,PASS,lh_panel_uncaptured,att->def [t=12.524*(4*6)*1/(3.577*1*1)*1*1/sqrt(1)=84.0302]; def->att [t=12.524*(11.464*6)*1/(1*1*1)*1*1/sqrt(1)=861.451]
FarSeer_1v1_T1InfvT1Inf_AttInfA+269.7D+196.6L+10.0H+10.0_DefInfA+4.0D+5.0L+1.8H+14.4_Gatotlvl1_NoDefenderHero_20260712_131030,Lab Rat,exact_1v1,InfT1x1 -> InfT1x1,1v1,89,attacker,88.782524,89,attacker,-0.244355,0.244355,in_exact_duel,PASS,ceil_exact_or_in_band,att->def [t=12.524*(4.2*6.864)*1/(3.697*1.1*1)*1*1/sqrt(1)=88.7825]; def->att [t=12.524*(11.864*6.6)*1/(1.04*1.018*1)*1*1/sqrt(1)=926.269]
FarSeer_1v1_T1InfvT1Inf_AttInfA+269.7D+202.1L+10.0H+10.0_DefInfA+4.0D+5.0L+1.8H+16.1_Gatotlvl1_NoDefenderHero_20260712_134827,Lab Rat,exact_1v1,InfT1x1 -> InfT1x1,1v1,90,attacker,90.101845,91,attacker,0.113161,0.113161,in_exact_duel,PASS,,att->def [t=12.524*(4.2*6.966)*1/(3.697*1.1*1)*1*1/sqrt(1)=90.1018]; def->att [t=12.524*(12.084*6.6)*1/(1.04*1.018*1)*1*1/sqrt(1)=943.445]
FarSeer_1v1_T1InfvT1Inf_AttInfA+269.7D+202.1L+10.0H+10.0_DefInfA+4.0D+5.0L+1.8H+16.1_Gatotlvl1_NoDefenderHero_20260712_135653,Lab Rat,exact_1v1,InfT1x1 -> InfT1x1,1v1,90,attacker,90.101845,91,attacker,0.113161,0.113161,in_exact_duel,PASS,,att->def [t=12.524*(4.2*6.966)*1/(3.697*1.1*1)*1*1/sqrt(1)=90.1018]; def->att [t=12.524*(12.084*6.6)*1/(1.04*1.018*1)*1*1/sqrt(1)=943.445]
FarSeer_1v1_T1InfvT1Inf_Ursarlvl2_NoDefenderHero_20260712_013710,Lab Rat,exact_1v1,InfT1x1 -> InfT1x1,1v1,,attacker,294.393732,295,attacker,,,in_exact_duel,PASS,lh_panel_uncaptured;no_turn_clock;winner_only,att->def [t=12.524*(4*6)*1/(1.021*1*1)*1*1/sqrt(1)=294.394]; def->att [t=12.524*(4.004*6)*1/(1*1*1)*1*1/sqrt(1)=300.877]
FarSeer_1v1_T1MMvT1MM_Gordonlvl1_NoDefenderHero_20260711_213829,Lab Rat,exact_1v1,MMT1x1 -> MMT1x1,1v1,"[18,19]",attacker,18.500163,19,attacker,0.000882,0.000882,in_exact_duel,PASS,lh_panel_uncaptured;ceil_exact_or_in_band,att->def [t=566.66*(1*1)*1/(5.105*6*1)*1*1/sqrt(1)=18.5002]; def->att [t=566.66*(1.001*1)*1/(5*6*1)*1*1/sqrt(1)=18.9076]
FarSeer_1v1_T3InfvT1Inf_AttInfA+257.7D+186.6L+0.0H+0.0_DefInfA+4.0D+5.0L+1.8H+14.4_Gatotlvl1_NoDefenderHero_20260712_130941,Lab Rat,exact_1v1,InfT3x1 -> InfT1x1,1v1,49,attacker,48.483438,49,attacker,-1.054208,1.054208,in_exact_duel,PASS,ceil_exact_or_in_band,att->def [t=12.524*(4.2*6.864)*1/(10.731*3*1)*4.323*1/sqrt(1)=48.4834]; def->att [t=12.524*(17.196*9)*1/(1.04*1.018*1)*1*0.904/sqrt(1)=1655.01]
FarSeer_1v1_T3InfvT1Inf_AttInfA+257.7D+186.6L+0.0H+0.0_DefInfA+4.0D+5.0L+1.8H+4.0_Gatotlvl1_NoDefenderHero_20260712_130801,Lab Rat,exact_1v1,InfT3x1 -> InfT1x1,1v1,44,attacker,44.075853,45,attacker,0.172393,0.172393,in_exact_duel,PASS,,att->def [t=12.524*(4.2*6.24)*1/(10.731*3*1)*4.323*1/sqrt(1)=44.0759]; def->att [t=12.524*(17.196*9)*1/(1.04*1.018*1)*1*0.904/sqrt(1)=1655.01]
FarSeer_1v1_T3InfvT1Inf_AttInfA+257.7D+192.1L+0.0H+0.0_DefInfA+14.0D+15.0L+11.8H+27.1_Gatotlvl1_NoDefenderHero_20260712_135113,Lab Rat,exact_1v1,InfT3x1 -> InfT1x1,1v1,59,attacker,58.995852,59,attacker,-0.007030,0.007030,in_exact_duel,PASS,ceil_exact_or_in_band,att->def [t=12.524*(4.6*7.626)*1/(10.731*3*1)*4.323*1/sqrt(1)=58.9959]; def->att [t=12.524*(17.526*9)*1/(1.14*1.118*1)*1*0.904/sqrt(1)=1401.17]
FarSeer_1v1_T3InfvT1Inf_AttInfA+257.7D+192.1L+0.0H+0.0_DefInfA+4.0D+5.0L+1.8H+16.1_Gatotlvl1_NoDefenderHero_20260712_135603,Lab Rat,exact_1v1,InfT3x1 -> InfT1x1,1v1,49,attacker,49.203909,50,attacker,0.416141,0.416141,in_exact_duel,PASS,,att->def [t=12.524*(4.2*6.966)*1/(10.731*3*1)*4.323*1/sqrt(1)=49.2039]; def->att [t=12.524*(17.526*9)*1/(1.04*1.018*1)*1*0.904/sqrt(1)=1686.77]
FarSeer_1v1_T3InfvT1Inf_AttInfA+257.7_DefInfA+4.0D+5.0H+1.0_Gatotlvl1_NoDefenderHero_20260712_123127,Lab Rat,exact_1v1,InfT3x1 -> InfT1x1,1v1,43,attacker,42.804434,43,attacker,-0.454804,0.454804,in_exact_duel,PASS,lh_panel_uncaptured;ceil_exact_or_in_band,att->def [t=12.524*(4.2*6.06)*1/(10.731*3*1)*4.323*1/sqrt(1)=42.8044]; def->att [t=12.524*(17.196*9)*1/(1.04*1*1)*1*0.904/sqrt(1)=1684.8]
FarSeer_1v1_T3InfvT1Inf_AttInfA+269.7D+196.6L+10.0H+10.0_DefInfA+4.0D+5.0L+1.8H+14.4_Gatotlvl1_NoDefenderHero_20260712_131118,Lab Rat,exact_1v1,InfT3x1 -> InfT1x1,1v1,43,attacker,42.645206,43,attacker,-0.825103,0.825103,in_exact_duel,PASS,ceil_exact_or_in_band,att->def [t=12.524*(4.2*6.864)*1/(11.091*3.3*1)*4.323*1/sqrt(1)=42.6452]; def->att [t=12.524*(17.796*9.9)*1/(1.04*1.018*1)*1*0.904/sqrt(1)=1884.03]
FarSeer_1v1_T3InfvT1Inf_AttInfA+269.7D+202.1L+10.0H+10.0_DefInfA+4.0D+5.0L+1.8H+16.1_Gatotlvl1_NoDefenderHero_20260712_134910,Lab Rat,exact_1v1,InfT3x1 -> InfT1x1,1v1,43,attacker,43.278920,44,attacker,0.648650,0.648650,in_exact_duel,PASS,,att->def [t=12.524*(4.2*6.966)*1/(11.091*3.3*1)*4.323*1/sqrt(1)=43.2789]; def->att [t=12.524*(18.126*9.9)*1/(1.04*1.018*1)*1*0.904/sqrt(1)=1918.97]
FarSeer_1v1_T3InfvT1Inf_AttInfA+272.1D+202.1L+10.0H+10.0_DefInfA+4.0D+5.0L+1.8H+16.1_Gatotlvl1_NoDefenderHero_20260712_135804,Lab Rat,exact_1v1,InfT3x1 -> InfT1x1,1v1,43,attacker,42.999776,43,attacker,-0.000522,0.000522,in_exact_duel,PASS,ceil_exact_or_in_band,att->def [t=12.524*(4.2*6.966)*1/(11.163*3.3*1)*4.323*1/sqrt(1)=42.9998]; def->att [t=12.524*(18.126*9.9)*1/(1.04*1.018*1)*1*0.904/sqrt(1)=1918.97]
FarSeer_Beast_1v18_T1InfvT1Inf_Att+10L_Gatotlvl1_NoDefenderHero_20260712_021010,Lab Rat,beast,InfT1x1 -> InfT1x18,1v18,1500,defender,capped,1500+,defender,,,out_capped_stalemate,PASS,beast_mapping_assumed;beast_per_kill;lh_panel_uncaptured;capped_check,per-kill [t=12.524*(4*6)*1/(2.886*1.1*1)*1*1/sqrt(1)=94.6815]; total=94.6815*18=1704.27
FarSeer_Beast_1v18_T1InfvT1Inf_Att+21.6L+53.2H_Gatotlvl1_NoDefenderHero_UserSummary,Lab Rat,beast,InfT1x1 -> InfT1x18,1v18,1500,defender,capped,1500+,defender,,,out_capped_stalemate,PASS,beast_mapping_assumed;beast_per_kill;lh_panel_uncaptured;capped_check,per-kill [t=12.524*(4*6)*1/(1*1*1)*1*1/sqrt(1)=300.576]; total=300.576*18=5410.37
FarSeer_Beast_1v18_T1InfvT1Inf_Att+21.6L_Gatotlvl1_NoDefenderHero_20260712_021112,Lab Rat,beast,InfT1x1 -> InfT1x18,1v18,1500,defender,capped,1500+,defender,,,out_capped_stalemate,PASS,beast_mapping_assumed;beast_per_kill;lh_panel_uncaptured;capped_check,per-kill [t=12.524*(4*6)*1/(2.886*1.216*1)*1*1/sqrt(1)=85.6494]; total=85.6494*18=1541.69
FarSeer_Beast_1v18_T1InfvT1Inf_Att+32.7L+53.2H_Gatotlvl1_NoDefenderHero_20260712_021542,Lab Rat,beast,InfT1x1 -> InfT1x18,1v18,1411,attacker,1412.731264,1413,attacker,0.122698,0.122698,in_beast_victory,PASS,beast_mapping_assumed;beast_per_kill,per-kill [t=12.524*(4*6)*1/(2.886*1.327*1)*1*1/sqrt(1)=78.4851]; total=78.4851*18=1412.73
FarSeer_Beast_1v18_T1InfvT1Inf_Gatotlvl1_NoDefenderHero_20260712_020035,Lab Rat,beast,InfT1x1 -> InfT1x18,1v18,1500,defender,capped,1500+,defender,,,out_capped_stalemate,PASS,beast_mapping_assumed;beast_per_kill;lh_panel_uncaptured;capped_check,per-kill [t=12.524*(4*6)*1/(2.886*1*1)*1*1/sqrt(1)=104.15]; total=104.15*18=1874.69
FarSeer_Beast_1v18_T2InfvT1Inf_Gatotlvl1_NoDefenderHero_20260712_020124,Lab Rat,beast,InfT2x1 -> InfT1x18,1v18,1255,attacker,1256.045239,1257,attacker,0.083286,0.083286,in_beast_victory,PASS,beast_mapping_assumed;beast_per_kill;lh_panel_uncaptured,per-kill [t=12.524*(4*6)*1/(5.772*2*1)*2.68*1/sqrt(1)=69.7803]; total=69.7803*18=1256.05
FarSeer_Beast_1v18_T6InfvT1Inf_Gatotlvl1_NoDefenderHero_20260712_015509,Lab Rat,beast,InfT6x1 -> InfT1x18,1v18,486,attacker,486.036838,487,attacker,0.007580,0.007580,in_beast_victory,PASS,beast_mapping_assumed;beast_per_kill;lh_panel_uncaptured,per-kill [t=12.524*(4*6)*1/(20.202*6*1)*10.889*1/sqrt(1)=27.002]; total=27.002*18=486.037
LabRat_1v1_T1InfvT1Inf_NoAttackerHero_Eliflvl1_20260712_013954,Lab Rat,exact_1v1,InfT1x1 -> InfT1x1,1v1,44,defender,44.775212,45,defender,1.761846,1.761846,in_exact_duel,PASS,lh_panel_uncaptured,att->def [t=12.524*(26.772*6)*1/(1*1*1)*1*1/sqrt(1)=2011.76]; def->att [t=12.524*(4*6)*1/(6.713*1*1)*1*1/sqrt(1)=44.7752]
LabRat_1v1_T1InfvT1Inf_NoAttackerHero_Gatotlvl1_20260712_014520,Lab Rat,exact_1v1,InfT1x1 -> InfT1x1,1v1,104,defender,104.149688,105,defender,0.143931,0.143931,in_exact_duel,PASS,lh_panel_uncaptured,att->def [t=12.524*(11.464*6)*1/(1*1*1)*1*1/sqrt(1)=861.451]; def->att [t=12.524*(4*6)*1/(2.886*1*1)*1*1/sqrt(1)=104.15]
LabRat_1v1_T1InfvT1Inf_NoAttackerHero_Gordonlvl1_20260711_214025,Lab Rat,exact_1v1,InfT1x1 -> InfT1x1,1v1,"[285,287]",defender,294.393732,295,defender,2.934871,2.934871,in_exact_duel,PASS,lh_panel_uncaptured,att->def [t=12.524*(4.004*6)*1/(1*1*1)*1*1/sqrt(1)=300.877]; def->att [t=12.524*(4*6)*1/(1.021*1*1)*1*1/sqrt(1)=294.394]
LabRat_1v1_T1LanvT1Inf_NoAttackerHero_Gordonlvl1_20260711_214053,Lab Rat,exact_1v1,LanT1x1 -> InfT1x1,1v1,"[90,91]",defender,87.874633,88,defender,-2.900958,2.900958,in_exact_duel,PASS,factorized_K;lh_panel_uncaptured,att->def [t=83.6605*(4.004*6)*1/(4*5*1)*1*1/sqrt(1)=100.493]; def->att [t=22.43*(2*2)*1/(1.021*1*1)*1*1/sqrt(1)=87.8746]
LabRat_1v1_T1LanvT1MM_NoAttackerHero_Gordonlvl1_20260711_213859,Lab Rat,exact_1v1,LanT1x1 -> MMT1x1,1v1,"[24,26]",attacker,21.881479,22,defender,-12.474083,12.474083,in_exact_duel,FAIL,factorized_K;lh_panel_uncaptured;winner_mismatch,att->def [t=488.71*(1.001*1)*1/(4*5*1)*1*1/sqrt(1)=24.4599]; def->att [t=167.557*(2*2)*1/(5.105*6*1)*1*1/sqrt(1)=21.8815]
LabRat_1v1_T1MMvT1Inf_NoAttackerHero_Gordonlvl1_20260711_213754,Lab Rat,exact_1v1,MMT1x1 -> InfT1x1,1v1,"[72,74]",attacker,71.655240,72,defender,-1.842137,1.842137,in_exact_duel,FAIL,lh_panel_uncaptured;ceil_exact_or_in_band;winner_mismatch,att->def [t=90.11*(4.004*6)*1/(5*6*1)*1*1/sqrt(1)=72.1601]; def->att [t=73.16*(1*1)*1/(1.021*1*1)*1*1/sqrt(1)=71.6552]
LabRat_1v1_T1MMvT1Inf_NoAttackerHero_Gordonlvl1_20260711_214115,Lab Rat,exact_1v1,MMT1x1 -> InfT1x1,1v1,"[72,74]",attacker,71.655240,72,defender,-1.842137,1.842137,in_exact_duel,FAIL,lh_panel_uncaptured;ceil_exact_or_in_band;winner_mismatch,att->def [t=90.11*(4.004*6)*1/(5*6*1)*1*1/sqrt(1)=72.1601]; def->att [t=73.16*(1*1)*1/(1.021*1*1)*1*1/sqrt(1)=71.6552]
ColonelMuller_11v2_T1Inf+10T1MMvT1Inf+T1MM_Gatot+NoMMHero_Gatot+Vulcanus_20260714_004004,Meuller_Alpaca_v5_8_Battle,composition,InfT1x1+MMT1x10 -> InfT1x1+MMT1x1,11v2,47,defender,47.000000,47,defender,0.000000,0.000000,in_composition_anchor,PASS,composition_anchor;no_turn_clock;ceil_exact_or_in_band,front=round(0.4231*78)=33; front=33; final=47
ColonelMuller_1v2_T1InfvT1Inf+T1MM_Gatot_Gatot+Vulcanus_20260714_003803,Meuller_Alpaca_v5_8_Battle,composition,InfT1x1 -> InfT1x1+MMT1x1,1v2,78,defender,78.000000,78,defender,0.000000,0.000000,in_composition_anchor,PASS,composition_anchor;ceil_exact_or_in_band,anchor solo=78; front=78; final=78
ColonelMuller_2v2_T1Inf+T1LanvT1Inf+T1MM_Gatot_Gatot+Vulcanus_20260714_004535,Meuller_Alpaca_v5_8_Battle,composition,InfT1x1+LanT1x1 -> InfT1x1+MMT1x1,2v2,36,defender,36.000000,36,defender,0.000000,0.000000,in_composition_anchor,PASS,composition_anchor;no_turn_clock;ceil_exact_or_in_band,front=round(0.4231*78)=33; front=33; final=36
ColonelMuller_2v2_T1Inf+T1MMvT1Inf+T1MM_Gatot+NoMMHero_Gatot+Vulcanus_20260714_003822,Meuller_Alpaca_v5_8_Battle,composition,InfT1x1+MMT1x1 -> InfT1x1+MMT1x1,2v2,35,defender,35.000000,35,defender,0.000000,0.000000,in_composition_anchor,PASS,composition_anchor;no_turn_clock;ceil_exact_or_in_band,front=round(0.4231*78)=33; front=33; final=35
ColonelMuller_3v2_T1Inf+2T1MMvT1Inf+T1MM_Gatot+NoMMHero_Gatot+Vulcanus_20260714_003848,Meuller_Alpaca_v5_8_Battle,composition,InfT1x1+MMT1x2 -> InfT1x1+MMT1x1,3v2,36,defender,36.000000,36,defender,0.000000,0.000000,in_composition_anchor,PASS,composition_anchor;no_turn_clock;ceil_exact_or_in_band,front=round(0.4231*78)=33; front=33; final=36
ColonelMuller_4v2_T1Inf+3T1MMvT1Inf+T1MM_Gatot+NoMMHero_Gatot+Vulcanus_20260714_003911,Meuller_Alpaca_v5_8_Battle,composition,InfT1x1+MMT1x3 -> InfT1x1+MMT1x1,4v2,37,defender,37.000000,37,defender,0.000000,0.000000,in_composition_anchor,PASS,composition_anchor;no_turn_clock;ceil_exact_or_in_band,front=round(0.4231*78)=33; front=33; final=37
ColonelMuller_5v2_T1Inf+4T1MMvT1Inf+T1MM_Gatot+NoMMHero_Gatot+Vulcanus_20260714_004940,Meuller_Alpaca_v5_8_Battle,composition,InfT1x1+MMT1x4 -> InfT1x1+MMT1x1,5v2,39,defender,39.000000,39,defender,0.000000,0.000000,in_composition_anchor,PASS,composition_anchor;no_turn_clock;ceil_exact_or_in_band,front=round(0.4231*78)=33; front=33; final=39
ColonelMuller_6v2_T1Inf+5T1MMvT1Inf+T1MM_Gatot+NoMMHero_Gatot+Vulcanus_20260714_003939,Meuller_Alpaca_v5_8_Battle,composition,InfT1x1+MMT1x5 -> InfT1x1+MMT1x1,6v2,40,defender,40.000000,40,defender,0.000000,0.000000,in_composition_anchor,PASS,composition_anchor;no_turn_clock;ceil_exact_or_in_band,front=round(0.4231*78)=33; front=33; final=40
Alpaca_1v1_T1MMFC1vT1InfFC1_Vulcanus_Gatot_20260713_105103,MuellerAlpaca,gatot_gate,MMT1x1 -> InfT1x1,1v1,102,attacker,101.419653,102,attacker,-0.568968,0.568968,in_gatot_scurve,PASS,gatot_scurve;ceil_exact_or_in_band,att->def [Gatot-S: pool=.88*(23.268*12.522)=256.398; d=(58.625*21.432)/90.11=13.9435; S=1+10.7274*exp(-13.9435/16.8932)=5.69928; rate=d*(31/30)*seo/S*sqrt(1)=2.52809; t=101.42]; def->att [t=73.16*(11.623*2.606)*1/(5.81*2.12*0.96)*1*1/sqrt(1)=187.406]
LabRat_32v1_T3MMvT1Inf_NoAttackerHero_Gatotlvl1_20260712_213727,MuellerAlpaca,gatot_threshold,MMT3x32 -> InfT1x1,32v1,1500,defender,capped,1500+,defender,,,out_capped_stalemate,PASS,G_w_bounded_marksman;budget_FarSeer_Gatot_S12_L1;gatot_budget;capped_check,att->def [Gatot-B: pool=11.684*6=70.104; r=(9.216*9.045)/(90.11*1)=0.925077; net=32*r-30.15=0; capped]; def->att [t=73.16*(3.441*3.045)*1/(3.001*1*1)*1*0.2488/sqrt(1)=63.5521]
LabRat_33v1_T3MMvT1Inf_NoAttackerHero_Gatotlvl1_20260712_213849,MuellerAlpaca,gatot_threshold,MMT3x33 -> InfT1x1,33v1,186,attacker,185.680114,186,attacker,-0.171982,0.171982,out_base_mismatch_T3_threshold,PASS,G_w_bounded_marksman;budget_FarSeer_Gatot_S12_L1;gatot_budget;ceil_exact_or_in_band,att->def [Gatot-B: pool=11.684*6=70.104; r=(9.216*9.045)/(90.11*1)=0.925077; net=33*r-30.15=0.377553; t=pool/net=185.68]; def->att [t=73.16*(3.441*3.045)*1/(3.001*1*1)*1*0.2488/sqrt(1)=63.5521]
LabRat_66v1_T3LanvT1Inf_NoAttackerHero_Gatotlvl1_20260712_214434,MuellerAlpaca,gatot_threshold,LanT3x66 -> InfT1x1,66v1,1500,defender,capped,1500+,defender,,,out_capped_stalemate,PASS,G_l_fallback_infantry;budget_FarSeer_Gatot_S12_L1;gatot_K_LanInf_implied;gatot_budget;capped_check,att->def [Gatot-B: pool=11.684*6=70.104; r=(6.846*8.04)/(111.3*1.0909)=0.453328; net=66*r-30.15=0; capped]; def->att [t=22.43*(4.544*4.06)*1/(3.001*1*1)*1*0.904/sqrt(1)=124.651]
LabRat_67v1_T3LanvT1Inf_NoAttackerHero_Gatotlvl1_20260712_214455,MuellerAlpaca,gatot_threshold,LanT3x67 -> InfT1x1,67v1,334,attacker,314.372641,315,attacker,-5.876455,5.876455,out_base_mismatch_T3_threshold,PASS,G_l_fallback_infantry;budget_FarSeer_Gatot_S12_L1;gatot_K_LanInf_implied;gatot_budget,att->def [Gatot-B: pool=11.684*6=70.104; r=(6.846*8.04)/(111.3*1.0909)=0.453328; net=67*r-30.15=0.222997; t=pool/net=314.373]; def->att [t=22.43*(4.544*4.06)*1/(3.001*1*1)*1*0.904/sqrt(1)=124.651]
MuellerAlpaca_1v1_T1InfvFC1T1Inf_AttInfA+194.1D+172.2L+122.0H+118.7_DefInfA+514.1D+506.9L+115.0H+114.1_Gatotlvl1_AlpacaFC1T1_NoDefenderHero_20260712_150803,MuellerAlpaca,exact_1v1,InfT1x1 -> InfT1x1,1v1,132,defender,135.523200,136,defender,2.669091,2.669091,in_exact_duel,PASS,,att->def [t=12.524*(24.276*12.846)*1/(2.941*2.22*1)*1*1/sqrt(1)=598.191]; def->att [t=12.524*(10.888*13.122)*1/(6.141*2.15*1)*1*1/sqrt(1)=135.523]
MuellerAlpaca_1v1_T1InfvFC1T1Inf_AttInfA+251.3D+229.4L+122.0H+156.6_DefInfA+514.1D+506.9L+115.0H+114.1_Gatotlvl1_AlpacaFC1T1_NoDefenderHero_20260712_151512,MuellerAlpaca,exact_1v1,InfT1x1 -> InfT1x1,1v1,187,defender,192.423004,193,defender,2.900002,2.900002,in_exact_duel,PASS,,att->def [t=12.524*(24.276*12.846)*1/(3.513*2.22*1)*1*1/sqrt(1)=500.792]; def->att [t=12.524*(13.176*15.396)*1/(6.141*2.15*1)*1*1/sqrt(1)=192.423]
MuellerAlpaca_1v1_T1InfvFC1T1Inf_AttInfA+251.3D+229.4L+126.4H+123.6_DefInfA+514.1D+506.9L+115.0H+114.1_Gatotlvl1_AlpacaFC1T1_NoDefenderHero_20260712_151159,MuellerAlpaca,exact_1v1,InfT1x1 -> InfT1x1,1v1,163,defender,167.676476,168,defender,2.869004,2.869004,in_exact_duel,PASS,,att->def [t=12.524*(24.276*12.846)*1/(3.513*2.264*1)*1*1/sqrt(1)=491.059]; def->att [t=12.524*(13.176*13.416)*1/(6.141*2.15*1)*1*1/sqrt(1)=167.676]
MuellerAlpaca_1v1_T1InfvFC1T1Inf_AttInfA+251.3D+268.4L+122.0H+118.7_DefInfA+514.1D+506.9L+115.0H+114.1_Gatotlvl1_AlpacaFC1T1_NoDefenderHero_20260712_151839,MuellerAlpaca,exact_1v1,InfT1x1 -> InfT1x1,1v1,178,defender,183.419349,184,defender,3.044578,3.044578,in_exact_duel,PASS,,att->def [t=12.524*(24.276*12.846)*1/(3.513*2.22*1)*1*1/sqrt(1)=500.792]; def->att [t=12.524*(14.736*13.122)*1/(6.141*2.15*1)*1*1/sqrt(1)=183.419]
MuellerAlpaca_1v1_T1InfvFC1T1Inf_AttInfA+251.3D+268.4L+122.0H+118.7_DefInfA+514.1D+506.9L+172.3H+114.1_Gatotlvl1_AlpacaFC1T1_NoDefenderHero_20260712_152106,MuellerAlpaca,exact_1v1,InfT1x1 -> InfT1x1,1v1,141,defender,144.822475,145,defender,2.710975,2.710975,in_exact_duel,PASS,,att->def [t=12.524*(24.276*12.846)*1/(3.513*2.22*1)*1*1/sqrt(1)=500.792]; def->att [t=12.524*(14.736*13.122)*1/(6.141*2.723*1)*1*1/sqrt(1)=144.822]
MuellerAlpaca_1v1_T1InfvFC1T1Inf_AttInfA+251.3D+282.7L+122.0H+118.7_DefInfA+514.1D+506.9L+172.3H+114.1_Gatotlvl1_AlpacaFC1T1_NoDefenderHero_20260712_152248,MuellerAlpaca,exact_1v1,InfT1x1 -> InfT1x1,1v1,146,defender,150.443978,151,defender,3.043820,3.043820,in_exact_duel,PASS,,att->def [t=12.524*(24.276*12.846)*1/(3.513*2.22*1)*1*1/sqrt(1)=500.792]; def->att [t=12.524*(15.308*13.122)*1/(6.141*2.723*1)*1*1/sqrt(1)=150.444]
MuellerAlpaca_1v1_T1InfvFC1T1Inf_AttInfA+251.3D+284.4L+122.0H+118.7_DefInfA+514.1D+506.9L+172.3H+114.1_Gatotlvl1_AlpacaFC1T1_NoDefenderHero_20260712_152350,MuellerAlpaca,exact_1v1,InfT1x1 -> InfT1x1,1v1,147,defender,151.112268,152,defender,2.797461,2.797461,in_exact_duel,PASS,,att->def [t=12.524*(24.276*12.846)*1/(3.513*2.22*1)*1*1/sqrt(1)=500.792]; def->att [t=12.524*(15.376*13.122)*1/(6.141*2.723*1)*1*1/sqrt(1)=151.112]
MuellerAlpaca_1v1_T1InfvFC1T1Inf_AttInfA+251.3D+284.4L+122.0H+156.6_DefInfA+514.1D+506.9L+109.7H+109.3_Gatotlvl1_AlpacaFC1T1_NoDefenderHero_20260712_152607,MuellerAlpaca,exact_1v1,InfT1x1 -> InfT1x1,1v1,223,defender,230.227291,231,defender,3.240938,3.240938,in_exact_duel,PASS,,att->def [t=12.524*(24.276*12.558)*1/(3.513*2.22*1)*1*1/sqrt(1)=489.564]; def->att [t=12.524*(15.376*15.396)*1/(6.141*2.097*1)*1*1/sqrt(1)=230.227]
MuellerAlpaca_1v1_T1InfvFC1T1Inf_AttInfA+251.3D+284.4L+122.0H+156.6_DefInfA+514.1D+506.9L+109.7H+109.3_Gatotlvl1_AlpacaFC1T1_NoDefenderHero_20260712_152719,MuellerAlpaca,exact_1v1,InfT1x1 -> InfT1x1,1v1,232,defender,230.227291,231,defender,-0.764099,0.764099,in_exact_duel,PASS,other_hero_present,att->def [t=12.524*(24.276*12.558)*1/(3.513*2.22*1)*1*1/sqrt(1)=489.564]; def->att [t=12.524*(15.376*15.396)*1/(6.141*2.097*1)*1*1/sqrt(1)=230.227]
MuellerAlpaca_1v1_T1InfvFC1T1Inf_AttInfA+251.3D+284.4L+122.0H+156.6_DefInfA+514.1D+506.9L+109.7H+109.3_Gatotlvl1_AlpacaFC1T1_NoDefenderHero_20260712_152939,MuellerAlpaca,exact_1v1,InfT1x1 -> InfT1x1,1v1,232,defender,230.227291,231,defender,-0.764099,0.764099,in_exact_duel,PASS,other_hero_present,att->def [t=12.524*(24.276*12.558)*1/(3.513*2.22*1)*1*1/sqrt(1)=489.564]; def->att [t=12.524*(15.376*15.396)*1/(6.141*2.097*1)*1*1/sqrt(1)=230.227]
MuellerAlpaca_1v1_T1InfvFC1T1Inf_AttInfA+251.3D+284.4L+122.0H+156.6_DefInfA+514.1D+506.9L+109.7H+109.3_Gatotlvl1_AlpacaFC1T1_NoDefenderHero_20260712_154616,MuellerAlpaca,exact_1v1,InfT1x1 -> InfT1x1,1v1,237,defender,230.227291,231,defender,-2.857683,2.857683,in_exact_duel,PASS,other_hero_present,att->def [t=12.524*(24.276*12.558)*1/(3.513*2.22*1)*1*1/sqrt(1)=489.564]; def->att [t=12.524*(15.376*15.396)*1/(6.141*2.097*1)*1*1/sqrt(1)=230.227]
MuellerAlpaca_1v1_T1InfvFC1T1Inf_AttInfA+251.3D+284.4L+122.0H+156.6_DefInfA+514.1D+506.9L+172.3H+114.1_Gatotlvl1_AlpacaFC1T1_NoDefenderHero_20260712_152449,MuellerAlpaca,exact_1v1,InfT1x1 -> InfT1x1,1v1,172,defender,177.299534,178,defender,3.081124,3.081124,in_exact_duel,PASS,,att->def [t=12.524*(24.276*12.846)*1/(3.513*2.22*1)*1*1/sqrt(1)=500.792]; def->att [t=12.524*(15.376*15.396)*1/(6.141*2.723*1)*1*1/sqrt(1)=177.3]
MuellerAlpaca_1v1_T2InfvFC1T1Inf_AttInfA+194.1D+221.4L+122.0H+118.7_DefInfA+514.1D+506.9L+109.7H+109.3_Gatotlvl1_AlpacaFC1T1_NoDefenderHero_20260712_154739,MuellerAlpaca,exact_1v1,LanT2x1 -> InfT1x1,1v1,66,defender,65.976259,66,defender,-0.035972,0.035972,in_exact_duel,PASS,G_w_interpolated;factorized_K;ceil_exact_or_in_band,att->def [t=83.6605*(24.276*12.558)*1/(14.705*12.918*1)*1.04446*1/sqrt(1)=140.233]; def->att [t=22.43*(9.081*6.378)*1/(6.141*2.097*1)*1*0.654/sqrt(1)=65.9763]
MuellerAlpaca_1v1_T2InfvFC1T1Inf_AttInfA+194.1D+221.4L+122.0H+118.7_DefInfA+514.1D+506.9L+109.7H+109.3_Gatotlvl1_AlpacaFC1T1_NoDefenderHero_20260712_154928,MuellerAlpaca,exact_1v1,LanT2x1 -> InfT1x1,1v1,79,defender,79.010221,80,defender,0.012938,0.012938,in_exact_duel,PASS,G_w_interpolated;factorized_K,att->def [t=83.6605*(24.276*12.558)*1/(17.43*12.918*1)*1.04446*1/sqrt(1)=118.309]; def->att [t=22.43*(10.875*6.378)*1/(6.141*2.097*1)*1*0.654/sqrt(1)=79.0102]
MuellerAlpaca_1v1_T7InfvFC1T1Inf_AttInfA+194.1D+172.2L+122.0H+118.7_DefInfA+514.1D+506.9L+115.0H+114.1_Gatotlvl1_AlpacaFC1T1_NoDefenderHero_20260712_151127,MuellerAlpaca,exact_1v1,InfT7x1 -> InfT1x1,1v1,599,defender,140.907000,141,attacker,-76.476294,76.476294,in_exact_duel,FAIL,G_w_extrapolated;winner_mismatch,att->def [t=12.524*(24.276*12.846)*1/(23.528*15.54*1)*13.1911*1/sqrt(1)=140.907]; def->att [t=12.524*(29.942*28.431)*1/(6.141*2.15*1)*1*0.742/sqrt(1)=599.159]
RFJPlayer_1v1_T6MMvT1Inf_Vulcanus_Gatot_20260713_002605,MuellerAlpaca,gatot_gate,MMT6x1 -> InfT1x1,1v1,6,attacker,5.192790,6,attacker,-13.453499,13.453499,in_gatot_scurve,PASS,G_w_bounded_marksman;gatot_scurve;ceil_exact_or_in_band,att->def [Gatot-S: pool=.88*(23.268*12.522)=256.398; d=(128.975*42.864)/90.11=61.3515; S=1+10.7274*exp(-61.3515/16.8932)=1.28396; rate=d*(31/30)*seo/S*sqrt(1)=49.3759; t=5.19279]; def->att [t=73.16*(81.361*18.242)*1/(5.81*2.12*0.96)*1*0.0846/sqrt(1)=776.872]
ColonelMuller_1v2_T1InfvT1Inf+T1MM_Gatot_Gatot+Vulcanus_20260713_112033,MuellerAlpaca_Gatot_2v2,composition,InfT1x1 -> InfT1x1+MMT1x1,1v2,78,defender,78.000000,78,defender,0.000000,0.000000,in_composition_anchor,PASS,composition_anchor;ceil_exact_or_in_band,anchor solo=78; front=78; final=78
ColonelMuller_1v2_T1MMvFC1T1Inf+FC1T1MM_NoHeroes_Gatot+Vulcanus_20260713_111936,MuellerAlpaca_Gatot_2v2,composition,MMT1x1 -> InfT1x1+MMT1x1,1v2,,defender,capped,1500+,defender,,,out_composition_no_front_anchor,PASS,composition_anchor;composition_from_setup_text;composition_no_front;winner_only;winner_only,no measured Gatot-Infantry front anchor; winner scored only
ColonelMuller_1v2_T1MMvT1Inf+T1MM_NoHeroes_Gatot+Vulcanus_20260713_112003,MuellerAlpaca_Gatot_2v2,composition,InfT1x1 -> InfT1x1+MMT1x1,1v2,,defender,capped,1500+,defender,,,out_composition_no_front_anchor,PASS,attacker_naked_corrected;composition_anchor;composition_no_front;winner_only;winner_only,no measured Gatot-Infantry front anchor; winner scored only
ColonelMuller_2v2_2T1MMvFC1T1Inf+FC1T1MM_NoHeroes_Gatot+Vulcanus_20260713_115521,MuellerAlpaca_Gatot_2v2,composition,MMT1x2 -> InfT1x1+MMT1x1,2v2,,defender,capped,1500+,defender,,,out_composition_no_front_anchor,PASS,composition_anchor;composition_from_setup_text;composition_no_front;winner_only;winner_only,no measured Gatot-Infantry front anchor; winner scored only
ColonelMuller_2v2_T1Inf+T1MMvT1Inf+T1MM_Gatot+NoMMHero_Gatot+Vulcanus_20260713_112159,MuellerAlpaca_Gatot_2v2,composition,InfT1x1+MMT1x1 -> InfT1x1+MMT1x1,2v2,35,defender,35.000000,35,defender,0.000000,0.000000,in_composition_anchor,PASS,composition_anchor;ceil_exact_or_in_band,front=round(0.4231*78)=33; front=33; final=35
MuellerAlpaca_2v2_2T1InfvFC1T1Inf_FC1T1MM_GatotvGatot_Vulcanus_20260713_112652,MuellerAlpaca_Gatot_2v2,composition,InfT1x2 -> InfT1x1+MMT1x1,2v2,90,defender,90.000000,90,defender,0.000000,0.000000,in_composition_anchor,PASS,composition_anchor;lh_panel_uncaptured;ceil_exact_or_in_band,front=33+0*54+57=90; front=90; final=90
manual_ladder_n3_inf,MuellerAlpaca_Gatot_2v2,composition,InfT1x3 -> InfT1x1+MMT1x1,3v2,144,defender,144.000000,144,defender,0.000000,0.000000,in_composition_anchor,PASS,composition_anchor;manual_no_panel_captured;manual_tier_assumed_T1;ceil_exact_or_in_band,front=33+1*54+57=144; front=144; final=144
manual_ladder_n4_inf,MuellerAlpaca_Gatot_2v2,composition,InfT1x4 -> InfT1x1+MMT1x1,4v2,198,defender,198.000000,198,defender,0.000000,0.000000,in_composition_anchor,PASS,composition_anchor;manual_no_panel_captured;manual_tier_assumed_T1;ceil_exact_or_in_band,front=33+2*54+57=198; front=198; final=198
manual_ladder_n5_inf,MuellerAlpaca_Gatot_2v2,composition,InfT1x5 -> InfT1x1+MMT1x1,5v2,252,defender,252.000000,252,defender,0.000000,0.000000,in_composition_anchor,PASS,composition_anchor;manual_no_panel_captured;manual_tier_assumed_T1;ceil_exact_or_in_band,front=33+3*54+57=252; front=252; final=252
manual_mixed_1_infantry_10_lancer,MuellerAlpaca_Gatot_2v2,composition,InfT1x1+LanT1x10 -> InfT1x1+MMT1x1,11v2,47,defender,47.000000,47,defender,0.000000,0.000000,in_composition_anchor,PASS,composition_anchor;manual_no_panel_captured;manual_tier_assumed_T1;ceil_exact_or_in_band,front=round(0.4231*78)=33; front=33; final=47
manual_mixed_1_infantry_2_lancer,MuellerAlpaca_Gatot_2v2,composition,InfT1x1+LanT1x2 -> InfT1x1+MMT1x1,3v2,36,defender,36.000000,36,defender,0.000000,0.000000,in_composition_anchor,PASS,composition_anchor;manual_no_panel_captured;manual_tier_assumed_T1;ceil_exact_or_in_band,front=round(0.4231*78)=33; front=33; final=36
manual_mixed_1_infantry_3_lancer,MuellerAlpaca_Gatot_2v2,composition,InfT1x1+LanT1x3 -> InfT1x1+MMT1x1,4v2,37,defender,37.000000,37,defender,0.000000,0.000000,in_composition_anchor,PASS,composition_anchor;manual_no_panel_captured;manual_tier_assumed_T1;ceil_exact_or_in_band,front=round(0.4231*78)=33; front=33; final=37
manual_mixed_1_infantry_4_lancer,MuellerAlpaca_Gatot_2v2,composition,InfT1x1+LanT1x4 -> InfT1x1+MMT1x1,5v2,39,defender,39.000000,39,defender,0.000000,0.000000,in_composition_anchor,PASS,composition_anchor;manual_no_panel_captured;manual_tier_assumed_T1;ceil_exact_or_in_band,front=round(0.4231*78)=33; front=33; final=39
manual_mixed_1_infantry_5_lancer,MuellerAlpaca_Gatot_2v2,composition,InfT1x1+LanT1x5 -> InfT1x1+MMT1x1,6v2,40,defender,40.000000,40,defender,0.000000,0.000000,in_composition_anchor,PASS,composition_anchor;manual_no_panel_captured;manual_tier_assumed_T1;ceil_exact_or_in_band,front=round(0.4231*78)=33; front=33; final=40
manual_mixed_2_naked_infantry,MuellerAlpaca_Gatot_2v2,composition,InfT1x2 -> InfT1x1+MMT1x1,2v2,,defender,capped,1500+,defender,,,out_composition_no_front_anchor,PASS,composition_anchor;composition_no_front;manual_no_panel_captured;manual_tier_assumed_T1;winner_only;winner_only,no measured Gatot-Infantry front anchor; winner scored only
manual_mixed_3_naked_marksman,MuellerAlpaca_Gatot_2v2,composition,MMT1x3 -> InfT1x1+MMT1x1,3v2,,defender,capped,1500+,defender,,,out_composition_no_front_anchor,PASS,composition_anchor;composition_no_front;manual_no_panel_captured;manual_tier_assumed_T1;winner_only;winner_only,no measured Gatot-Infantry front anchor; winner scored only
MuellerAlpaca_v4_R01_1v1_T1LanvFC1T1Inf_AttLanA+179.1D+160.2L+105.3H+102.6_DefInfA+514.1D+506.9L+109.7H+109.3_NoAttackerHero_Gatotlvl1_20260712_233158,MuellerAlpaca_Gatot_v4,exact_1v1,LanT1x1 -> InfT1x1,1v1,37,defender,36.728101,37,defender,-0.734863,0.734863,in_exact_duel,PASS,factorized_K;gatot_gate_unmodeled;ceil_exact_or_in_band,att->def [Gatot budget gate: defender has no frozen B constant]; def->att [t=22.43*(5.204*4.052)*1/(6.141*2.097*1)*1*1/sqrt(1)=36.7281]
MuellerAlpaca_v4_R02_1v1_T1LanvFC1T1Inf_AttLanA+233.4D+214.5L+105.3H+102.6_DefInfA+514.1D+506.9L+109.7H+109.3_NoAttackerHero_Gatotlvl1_20260712_233303,MuellerAlpaca_Gatot_v4,exact_1v1,LanT1x1 -> InfT1x1,1v1,44,defender,44.392727,45,defender,0.892562,0.892562,in_exact_duel,PASS,factorized_K;gatot_gate_unmodeled,att->def [Gatot budget gate: defender has no frozen B constant]; def->att [t=22.43*(6.29*4.052)*1/(6.141*2.097*1)*1*1/sqrt(1)=44.3927]
MuellerAlpaca_v4_R03_1v1_T1LanvFC1T1Inf_AttLanA+233.4D+214.5L+105.3H+125.8_DefInfA+514.1D+506.9L+109.7H+109.3_NoAttackerHero_Gatotlvl1_20260712_233326,MuellerAlpaca_Gatot_v4,exact_1v1,LanT1x1 -> InfT1x1,1v1,49,defender,49.476199,50,defender,0.971834,0.971834,in_exact_duel,PASS,factorized_K;gatot_gate_unmodeled,att->def [Gatot budget gate: defender has no frozen B constant]; def->att [t=22.43*(6.29*4.516)*1/(6.141*2.097*1)*1*1/sqrt(1)=49.4762]
MuellerAlpaca_v4_R04_1v1_T1LanvFC1T1Inf_AttLanA+233.4D+214.5L+105.3H+151.0_DefInfA+514.1D+506.9L+109.7H+109.3_NoAttackerHero_Gatotlvl1_20260712_233403,MuellerAlpaca_Gatot_v4,exact_1v1,LanT1x1 -> InfT1x1,1v1,55,defender,54.997900,55,defender,-0.003818,0.003818,in_exact_duel,PASS,factorized_K;gatot_gate_unmodeled;ceil_exact_or_in_band,att->def [Gatot budget gate: defender has no frozen B constant]; def->att [t=22.43*(6.29*5.02)*1/(6.141*2.097*1)*1*1/sqrt(1)=54.9979]
MuellerAlpaca_v4_R05_1v1_T1MMvFC1T1Inf_AttMMA+236.3D+222.4L+121.2H+118.6_DefInfA+514.1D+506.9L+109.7H+109.3_NoAttackerHero_Gatotlvl1_20260712_233503,MuellerAlpaca_Gatot_v4,exact_1v1,MMT1x1 -> InfT1x1,1v1,40,defender,40.038828,41,defender,0.097071,0.097071,in_exact_duel,PASS,base_mismatch;gatot_gate_unmodeled,att->def [Gatot budget gate: defender has no frozen B constant]; def->att [t=73.16*(3.224*2.186)*1/(6.141*2.097*1)*1*1/sqrt(1)=40.0388]
MuellerAlpaca_v4_R06_1v1_T1MMvFC1T1Inf_AttMMA+179.1D+165.2L+121.2H+118.6_DefInfA+514.1D+506.9L+109.7H+109.3_NoAttackerHero_Gatotlvl1_20260712_233441,MuellerAlpaca_Gatot_v4,exact_1v1,MMT1x1 -> InfT1x1,1v1,33,defender,32.935165,33,defender,-0.196469,0.196469,in_exact_duel,PASS,base_mismatch;gatot_gate_unmodeled;ceil_exact_or_in_band,att->def [Gatot budget gate: defender has no frozen B constant]; def->att [t=73.16*(2.652*2.186)*1/(6.141*2.097*1)*1*1/sqrt(1)=32.9352]
MuellerAlpaca_v4_R07_1v1_T1MMvFC1T1Inf_AttMMA+236.3D+222.4L+121.2H+118.6_DefInfA+514.1D+506.9L+109.7H+109.3_NoAttackerHero_Gatotlvl1_20260712_233503,MuellerAlpaca_Gatot_v4,exact_1v1,MMT1x1 -> InfT1x1,1v1,40,defender,40.038828,41,defender,0.097071,0.097071,in_exact_duel,PASS,base_mismatch;gatot_gate_unmodeled,att->def [Gatot budget gate: defender has no frozen B constant]; def->att [t=73.16*(3.224*2.186)*1/(6.141*2.097*1)*1*1/sqrt(1)=40.0388]
MuellerAlpaca_v4_R08_1v1_T1MMvFC1T1Inf_AttMMA+236.3D+222.4L+121.2H+122.9_DefInfA+514.1D+506.9L+109.7H+109.3_NoAttackerHero_Gatotlvl1_20260712_233900,MuellerAlpaca_Gatot_v4,exact_1v1,MMT1x1 -> InfT1x1,1v1,41,defender,40.826417,41,defender,-0.423372,0.423372,in_exact_duel,PASS,base_mismatch;gatot_gate_unmodeled;ceil_exact_or_in_band,att->def [Gatot budget gate: defender has no frozen B constant]; def->att [t=73.16*(3.224*2.229)*1/(6.141*2.097*1)*1*1/sqrt(1)=40.8264]
MuellerAlpaca_v4_R09_1v1_T1MMvFC1T1Inf_AttMMA+236.3D+222.4L+121.2H+183.6_DefInfA+514.1D+506.9L+109.7H+109.3_NoAttackerHero_Gatotlvl1_20260712_234044,MuellerAlpaca_Gatot_v4,exact_1v1,MMT1x1 -> InfT1x1,1v1,52,defender,51.944244,52,defender,-0.107223,0.107223,in_exact_duel,PASS,base_mismatch;gatot_gate_unmodeled;ceil_exact_or_in_band,att->def [Gatot budget gate: defender has no frozen B constant]; def->att [t=73.16*(3.224*2.836)*1/(6.141*2.097*1)*1*1/sqrt(1)=51.9442]
MuellerAlpaca_v4_R10_1v1_T1MMvFC1T1Inf_AttMMA+179.1D+167.7L+121.2H+118.6_DefInfA+514.1D+506.9L+109.7H+109.3_NoAttackerHero_Gatotlvl1_20260712_234345,MuellerAlpaca_Gatot_v4,exact_1v1,MMT1x1 -> InfT1x1,1v1,33,defender,33.245640,34,defender,0.744364,0.744364,in_exact_duel,PASS,base_mismatch;gatot_gate_unmodeled,att->def [Gatot budget gate: defender has no frozen B constant]; def->att [t=73.16*(2.677*2.186)*1/(6.141*2.097*1)*1*1/sqrt(1)=33.2456]
MuellerAlpaca_v4_R11_1v1_T1LanvFC1T1Inf_AttLanA+179.1D+162.7L+105.3H+102.6_DefInfA+514.1D+506.9L+109.7H+109.3_NoAttackerHero_Gatotlvl1_20260712_234350,MuellerAlpaca_Gatot_v4,exact_1v1,LanT1x1 -> InfT1x1,1v1,37,defender,37.080984,38,defender,0.218876,0.218876,in_exact_duel,PASS,factorized_K;gatot_gate_unmodeled,att->def [Gatot budget gate: defender has no frozen B constant]; def->att [t=22.43*(5.254*4.052)*1/(6.141*2.097*1)*1*1/sqrt(1)=37.081]
MuellerAlpaca_v4_R12_1v1_T1LanvFC1T1Inf_AttLanA+179.1D+169.2L+105.3H+102.6_DefInfA+514.1D+506.9L+109.7H+109.3_NoAttackerHero_Gatotlvl1_20260712_234423,MuellerAlpaca_Gatot_v4,exact_1v1,LanT1x1 -> InfT1x1,1v1,38,defender,37.998481,38,defender,-0.003998,0.003998,in_exact_duel,PASS,factorized_K;gatot_gate_unmodeled;ceil_exact_or_in_band,att->def [Gatot budget gate: defender has no frozen B constant]; def->att [t=22.43*(5.384*4.052)*1/(6.141*2.097*1)*1*1/sqrt(1)=37.9985]
MuellerAlpaca_v4_R13_1v1_T1MMvFC1T1Inf_AttMMA+179.1D+174.2L+121.2H+118.6_DefInfA+514.1D+506.9L+109.7H+109.3_NoAttackerHero_Gatotlvl1_20260712_234429,MuellerAlpaca_Gatot_v4,exact_1v1,MMT1x1 -> InfT1x1,1v1,34,defender,34.052874,35,defender,0.155513,0.155513,in_exact_duel,PASS,base_mismatch;gatot_gate_unmodeled,att->def [Gatot budget gate: defender has no frozen B constant]; def->att [t=73.16*(2.742*2.186)*1/(6.141*2.097*1)*1*1/sqrt(1)=34.0529]
MuellerAlpaca_v4_R14_1v1_T1LanvFC1T1Inf_AttLanA+233.4D+223.5L+105.3H+151.0_DefInfA+514.1D+506.9L+109.7H+109.3_NoAttackerHero_Gatotlvl1_20260712_234459,MuellerAlpaca_Gatot_v4,exact_1v1,LanT1x1 -> InfT1x1,1v1,56,defender,56.571767,57,defender,1.021012,1.021012,in_exact_duel,PASS,factorized_K;gatot_gate_unmodeled,att->def [Gatot budget gate: defender has no frozen B constant]; def->att [t=22.43*(6.47*5.02)*1/(6.141*2.097*1)*1*1/sqrt(1)=56.5718]
MuellerAlpaca_v4_R15_1v1_T1MMvFC1T1Inf_AttMMA+236.3D+231.4L+121.2H+118.6_DefInfA+514.1D+506.9L+109.7H+109.3_NoAttackerHero_Gatotlvl1_20260712_234502,MuellerAlpaca_Gatot_v4,exact_1v1,MMT1x1 -> InfT1x1,1v1,41,defender,41.156538,42,defender,0.381799,0.381799,in_exact_duel,PASS,base_mismatch;gatot_gate_unmodeled,att->def [Gatot budget gate: defender has no frozen B constant]; def->att [t=73.16*(3.314*2.186)*1/(6.141*2.097*1)*1*1/sqrt(1)=41.1565]
MuellerAlpaca_v5_R01_1v1_T2InfvFC1T1Inf_AttInfA+179.1D+179.7L+112.0H+108.7_DefInfA+537.1D+529.9L+119.7H+119.3_NoAttackerHero_Gatotlvl1_20260713_012528,MuellerAlpaca_Gatot_v5,exact_1v1,InfT2x1 -> InfT1x1,1v1,182,defender,182.073900,183,defender,0.040604,0.040604,in_exact_duel,PASS,,att->def [t=12.524*(25.196*13.158)*1/(5.582*4.24*1)*2.68*1/sqrt(1)=470.158]; def->att [t=12.524*(13.985*14.609)*1/(6.371*2.197*1)*1*0.996/sqrt(1)=182.074]
MuellerAlpaca_v5_R02_1v1_T4InfvFC1T1Inf_AttInfA+179.1D+179.7L+112.0H+108.7_DefInfA+537.1D+529.9L+119.7H+119.3_NoAttackerHero_Gatotlvl1_20260713_012619,MuellerAlpaca_Gatot_v5,exact_1v1,InfT4x1 -> InfT1x1,1v1,332,defender,258.060494,259,attacker,-22.270935,22.270935,in_exact_duel,FAIL,base_mismatch;winner_mismatch,att->def [t=12.524*(25.196*13.158)*1/(11.164*8.48*1)*5.884*1/sqrt(1)=258.06]; def->att [t=12.524*(22.376*20.87)*1/(6.371*2.197*1)*1*0.795/sqrt(1)=332.183]
MuellerAlpaca_v5_R03_1v1_T5InfvFC1T1Inf_AttInfA+179.1D+179.7L+112.0H+108.7_DefInfA+537.1D+529.9L+119.7H+119.3_NoAttackerHero_Gatotlvl1_20260713_012641,MuellerAlpaca_Gatot_v5,exact_1v1,InfT5x1 -> InfT1x1,1v1,398,defender,229.020648,230,attacker,-42.457124,42.457124,in_exact_duel,FAIL,base_mismatch;winner_mismatch,att->def [t=12.524*(25.196*13.158)*1/(16.746*10.6*1)*9.791*1/sqrt(1)=229.021]; def->att [t=12.524*(25.173*22.957)*1/(6.371*2.197*1)*1*0.77/sqrt(1)=398.15]
MuellerAlpaca_v5_R04_1v1_T6InfvFC1T1Inf_AttInfA+179.1D+179.7L+112.0H+108.7_DefInfA+537.1D+529.9L+119.7H+119.3_NoAttackerHero_Gatotlvl1_20260713_012651,MuellerAlpaca_Gatot_v5,exact_1v1,InfT6x1 -> InfT1x1,1v1,469,defender,181.931354,182,attacker,-61.208667,61.208667,in_exact_duel,FAIL,base_mismatch;winner_mismatch,att->def [t=12.524*(25.196*13.158)*1/(19.537*12.72*1)*10.889*1/sqrt(1)=181.931]; def->att [t=12.524*(27.97*25.044)*1/(6.371*2.197*1)*1*0.748/sqrt(1)=468.817]
MuellerAlpaca_v5_R05_1v1_T3InfvFC1T1Inf_AttInfA+179.1D+179.7L+112.0H+108.7_DefInfA+537.1D+529.9L+119.7H+119.3_NoAttackerHero_Gatotlvl1_20260713_012912,MuellerAlpaca_Gatot_v5,exact_1v1,InfT3x1 -> InfT1x1,1v1,255,defender,254.966136,255,defender,-0.013280,0.013280,in_exact_duel,PASS,base_mismatch;ceil_exact_or_in_band,att->def [t=12.524*(25.196*13.158)*1/(8.373*6.36*1)*4.323*1/sqrt(1)=337.063]; def->att [t=12.524*(16.782*18.783)*1/(6.371*2.197*1)*1*0.904/sqrt(1)=254.966]
MuellerAlpaca_v5_R06_1v1_T7InfvFC1T1Inf_AttInfA+179.1D+179.7L+112.0H+108.7_DefInfA+537.1D+529.9L+119.7H+119.3_NoAttackerHero_Gatotlvl1_20260713_012716,MuellerAlpaca_Gatot_v5,exact_1v1,InfT7x1 -> InfT1x1,1v1,554,defender,165.295605,166,attacker,-70.163248,70.163248,in_exact_duel,FAIL,G_w_extrapolated;base_mismatch;winner_mismatch,att->def [t=12.524*(25.196*13.158)*1/(22.328*14.84*1)*13.1911*1/sqrt(1)=165.296]; def->att [t=12.524*(30.767*27.131)*1/(6.371*2.197*1)*1*0.742/sqrt(1)=554.192]
MuellerAlpaca_v5_R07_1v1_T8InfvFC1T1Inf_AttInfA+179.1D+179.7L+112.0H+108.7_DefInfA+537.1D+529.9L+119.7H+119.3_NoAttackerHero_Gatotlvl1_20260713_012721,MuellerAlpaca_Gatot_v5,exact_1v1,InfT8x1 -> InfT1x1,1v1,653,defender,152.012680,153,attacker,-76.720876,76.720876,in_exact_duel,FAIL,G_w_extrapolated;base_mismatch;winner_mismatch,att->def [t=12.524*(25.196*13.158)*1/(25.119*16.96*1)*15.5971*1/sqrt(1)=152.013]; def->att [t=12.524*(33.564*29.218)*1/(6.371*2.197*1)*1*0.744/sqrt(1)=652.834]
MuellerAlpaca_v5_R08_1v1_T9InfvFC1T1Inf_AttInfA+179.1D+179.7L+112.0H+108.7_DefInfA+537.1D+529.9L+119.7H+119.3_NoAttackerHero_Gatotlvl1_20260713_012734,MuellerAlpaca_Gatot_v5,exact_1v1,InfT9x1 -> InfT1x1,1v1,771,defender,141.116071,142,attacker,-81.697008,81.697008,in_exact_duel,FAIL,G_w_extrapolated;base_mismatch;winner_mismatch,att->def [t=12.524*(25.196*13.158)*1/(27.91*19.08*1)*18.0988*1/sqrt(1)=141.116]; def->att [t=12.524*(36.361*31.305)*1/(6.371*2.197*1)*1*0.757/sqrt(1)=770.994]
MuellerAlpaca_v5_R09_1v1_T10InfvFC1T1Inf_AttInfA+179.1D+179.7L+112.0H+108.7_DefInfA+537.1D+529.9L+119.7H+119.3_NoAttackerHero_Gatotlvl1_20260713_012738,MuellerAlpaca_Gatot_v5,exact_1v1,InfT10x1 -> InfT1x1,1v1,909,defender,131.985560,132,attacker,-85.480136,85.480136,in_exact_duel,FAIL,G_w_extrapolated;base_mismatch;winner_mismatch,att->def [t=12.524*(25.196*13.158)*1/(30.701*21.2*1)*20.6895*1/sqrt(1)=131.986]; def->att [t=12.524*(39.158*33.392)*1/(6.371*2.197*1)*1*0.777/sqrt(1)=909.053]
NanoMart_100_NoHero,NanoMart,nanomart_multicount,InfT6x100 -> InfT6x200,100v200,,defender,19.485785,20,defender,,,out_nanomart_multicount_winner_only,PASS,winner_only,att->def [t=12.524*(9*11)*1/(6.132*6*1)*10.889*0.748/sqrt(100)=27.4482]; def->att [t=12.524*(9.018*11)*1/(6.12*6*1)*10.889*0.748/sqrt(200)=19.4858]
NanoMart_100_SeoYoonlvl1,NanoMart,nanomart_multicount,InfT6x100 -> InfT6x200,100v200,,defender,19.485785,20,defender,,,out_nanomart_multicount_winner_only,PASS,winner_only,att->def [t=12.524*(9*11)*1/(6.132*6*1.05)*10.889*0.748/sqrt(100)=26.1412]; def->att [t=12.524*(9.018*11)*1/(6.12*6*1)*10.889*0.748/sqrt(200)=19.4858]
NanoMart_100_SeoYoonlvl2,NanoMart,nanomart_multicount,InfT6x100 -> InfT6x200,100v200,,defender,19.485785,20,defender,,,out_nanomart_multicount_winner_only,PASS,winner_only,att->def [t=12.524*(9*11)*1/(6.132*6*1.1)*10.889*0.748/sqrt(100)=24.9529]; def->att [t=12.524*(9.018*11)*1/(6.12*6*1)*10.889*0.748/sqrt(200)=19.4858]
NanoMart_100_SeoYoonlvl3,NanoMart,nanomart_multicount,InfT6x100 -> InfT6x200,100v200,,defender,19.485785,20,defender,,,out_nanomart_multicount_winner_only,PASS,winner_only,att->def [t=12.524*(9*11)*1/(6.132*6*1.15)*10.889*0.748/sqrt(100)=23.868]; def->att [t=12.524*(9.018*11)*1/(6.12*6*1)*10.889*0.748/sqrt(200)=19.4858]
NanoMart_100_SeoYoonlvl3_Vulcanus,NanoMart,nanomart_multicount,InfT6x100 -> InfT6x200,100v200,210,defender,16.594346,17,defender,,,out_nanomart_multicount_winner_only,PASS,winner_only,att->def [t=12.524*(9*11)*1/(6.132*6*1.104)*10.889*0.748/sqrt(100)=24.8625]; def->att [t=12.524*(9.018*11)*0.88/(6.12*6*1.03333)*10.889*0.748/sqrt(200)=16.5943]
NanoMart_100_Vulcanus,NanoMart,nanomart_multicount,InfT6x100 -> InfT6x200,100v200,"[205,207]",defender,16.594346,17,defender,,,out_nanomart_multicount_winner_only,PASS,winner_only,att->def [t=12.524*(9*11)*1/(6.132*6*0.96)*10.889*0.748/sqrt(100)=28.5919]; def->att [t=12.524*(9.018*11)*0.88/(6.12*6*1.03333)*10.889*0.748/sqrt(200)=16.5943]
NanoMart_10v10_SeoYoonlvl3_Vulcanus,NanoMart,nanomart_multicount,InfT6x10 -> InfT6x10,10v10,"[400,402]",attacker,74.212170,75,defender,,,out_nanomart_multicount_winner_only,FAIL,winner_only,att->def [t=12.524*(9*11)*1/(6.132*6*1.104)*10.889*0.748/sqrt(10)=78.6222]; def->att [t=12.524*(9.018*11)*0.88/(6.12*6*1.03333)*10.889*0.748/sqrt(10)=74.2122]
NanoMart_1v1_T1InfvT1Inf_SeoYoonlvl3_Vulcanus,NanoMart,nanomart_1v1,InfT1x1 -> InfT1x1,1v1,264,attacker,251.457205,252,defender,-4.751059,4.751059,in_nanomart_seoyoon_dealer,FAIL,winner_mismatch,att->def [t=12.524*(4*6)*1/(1.022*1*1.104)*1*1/sqrt(1)=266.4]; def->att [t=12.524*(4.008*6)*0.88/(1.02*1*1.03333)*1*1/sqrt(1)=251.457]
NanoMart_1v1_T1InfvT1Lan_SeoYoonlvl3_Vulcanus,NanoMart,nanomart_1v1,InfT1x1 -> LanT1x1,1v1,"[79,81]",attacker,79.518704,80,attacker,-0.601619,0.601619,in_nanomart_seoyoon_dealer,PASS,factorized_K;ceil_exact_or_in_band,att->def [t=22.43*(2*2)*1/(1.022*1*1.104)*1*1/sqrt(1)=79.5187]; def->att [t=83.6605*(4.008*6)*0.88/(4.08*5*1.03333)*1*1/sqrt(1)=83.9869]
NanoMart_1v1_T1InfvT1MM_SeoYoonlvl3_Vulcanus,NanoMart,nanomart_1v1,InfT1x1 -> MMT1x1,1v1,"[7,9]",defender,11.959920,12,defender,49.498995,49.498995,out_vulcanus_dealer_bias_minus6_5,FAIL,,att->def [t=73.16*(6.152*1)*1/(1.022*1*1.104)*1*1/sqrt(1)=398.906]; def->att [t=90.11*(4.008*6)*0.88/(30.86*5*1.03333)*1*1/sqrt(1)=11.9599]
NanoMart_1v1_T1InfvT6Inf_SeoYoonlvl3_Vulcanus,NanoMart,nanomart_1v1,InfT1x1 -> InfT6x1,1v1,"[67,69]",defender,76.058820,77,defender,11.851205,11.851205,out_nanomart_nonT1_tier,FAIL,,att->def [t=12.524*(9*11)*1/(1.022*1*1.104)*1*0.748/sqrt(1)=821.977]; def->att [t=12.524*(4.008*6)*0.88/(6.12*6*1.03333)*10.889*1/sqrt(1)=76.0588]
NanoMart_1v1_T1LanvT1Lan_SeoYoonlvl3_Vulcanus,NanoMart,nanomart_1v1,LanT1x1 -> LanT1x1,1v1,30,attacker,25.069552,26,defender,-16.434825,16.434825,out_factorized_K_pm15,FAIL,factorized_K;winner_mismatch,att->def [t=149.833*(2*2)*1/(4.088*5*1.104)*1*1/sqrt(1)=26.5593]; def->att [t=149.833*(2.004*2)*0.88/(4.08*5*1.03333)*1*1/sqrt(1)=25.0696]
NanoMart_1v1_T1LanvT1MM_SeoYoonlvl3_Vulcanus,NanoMart,nanomart_1v1,LanT1x1 -> InfT1x1,1v1,"[79,81]",defender,75.058356,76,defender,-6.177055,6.177055,out_vulcanus_dealer_bias_minus6_5,PASS,factorized_K,att->def [t=83.6605*(4*6)*1/(4.088*5*1.104)*1*1/sqrt(1)=88.9778]; def->att [t=22.43*(2.004*2)*0.88/(1.02*1*1.03333)*1*1/sqrt(1)=75.0584]
NanoMart_1v1_T1MMvT1Inf_NoAttackerHero_Vulcanus,NanoMart,nanomart_1v1,MMT1x1 -> InfT1x1,1v1,"[67,69]",attacker,69.550588,70,defender,2.280277,2.280277,out_nanomart_other,FAIL,winner_mismatch,att->def [t=90.11*(4*6)*1/(5.11*5*0.96)*1*1/sqrt(1)=88.1703]; def->att [t=73.16*(1.002*1)*1/(1.02*1*1.03333)*1*1/sqrt(1)=69.5506]
NanoMart_1v1_T1MMvT1Lan_NoAttackerHero_Vulcanus,NanoMart,nanomart_1v1,MMT1x1 -> LanT1x1,1v1,"[19,21]",defender,23.229954,24,defender,16.149768,16.149768,out_vulcanus_dealer_bias_minus6_5,FAIL,factorized_K,att->def [t=167.557*(2*2)*1/(5.11*5*0.96)*1*1/sqrt(1)=27.3251]; def->att [t=488.71*(1.002*1)*1/(4.08*5*1.03333)*1*1/sqrt(1)=23.23]
NanoMart_1v1_T1MMvT1MM_VulcanusVsVulcanus,NanoMart,nanomart_1v1,MMT1x1 -> MMT1x1,1v1,12,defender,16.070698,17,defender,33.922485,33.922485,out_vulcanus_dealer_bias_minus6_5,FAIL,,att->def [t=566.66*(6.152*1)*1/(21.805*5*0.992)*1*1/sqrt(1)=32.233]; def->att [t=566.66*(4.341*1)*1/(30.86*5*0.992)*1*1/sqrt(1)=16.0707]
NanoMart_1v1_T2InfvT1Inf_SeoYoonlvl3_Vulcanus,NanoMart,nanomart_1v1,InfT2x1 -> InfT1x1,1v1,"[175,177]",attacker,178.488046,179,attacker,1.413662,1.413662,out_nanomart_nonT1_tier,PASS,,att->def [t=12.524*(4*6)*1/(2.044*2*1.104)*2.68*1/sqrt(1)=178.488]; def->att [t=12.524*(5.01*7)*0.88/(1.02*1*1.03333)*1*0.996/sqrt(1)=365.242]
NanoMart_1v1_T2InfvT2Inf_SeoYoonlvl3_Vulcanus,NanoMart,nanomart_1v1,InfT2x1 -> InfT2x1,1v1,"[265,267]",attacker,244.711865,245,defender,-8.003058,8.003058,out_nanomart_nonT1_tier,FAIL,winner_mismatch,att->def [t=12.524*(5*7)*1/(2.044*2*1.104)*2.68*0.996/sqrt(1)=259.254]; def->att [t=12.524*(5.01*7)*0.88/(2.04*2*1.03333)*2.68*0.996/sqrt(1)=244.712]
NanoMart_1v1_T3InfvT1Inf_SeoYoonlvl3_Vulcanus,NanoMart,nanomart_1v1,InfT3x1 -> InfT1x1,1v1,126,attacker,127.960833,128,attacker,1.556216,1.556216,out_nanomart_nonT1_tier,PASS,,att->def [t=12.524*(4*6)*1/(3.066*3*1.104)*4.323*1/sqrt(1)=127.961]; def->att [t=12.524*(6.012*8)*0.88/(1.02*1*1.03333)*1*0.904/sqrt(1)=454.635]
NanoMart_1v1_T3InfvT3Inf_SeoYoonlvl3_Vulcanus,NanoMart,nanomart_1v1,InfT3x1 -> InfT3x1,1v1,"[265,267]",attacker,218.376165,219,defender,-17.903697,17.903697,out_nanomart_nonT1_tier,FAIL,winner_mismatch,att->def [t=12.524*(6*8)*1/(3.066*3*1.104)*4.323*0.904/sqrt(1)=231.353]; def->att [t=12.524*(6.012*8)*0.88/(3.06*3*1.03333)*4.323*0.904/sqrt(1)=218.376]
NanoMart_1v1_T4InfvT1Inf_SeoYoonlvl3_Vulcanus,NanoMart,nanomart_1v1,InfT4x1 -> InfT1x1,1v1,96,attacker,97.968625,98,attacker,2.050651,2.050651,out_nanomart_nonT1_tier,PASS,,att->def [t=12.524*(4*6)*1/(4.088*4*1.104)*5.884*1/sqrt(1)=97.9686]; def->att [t=12.524*(7.014*9)*0.88/(1.02*1*1.03333)*1*0.795/sqrt(1)=524.76]
NanoMart_1v1_T5InfvT1Inf_SeoYoonlvl3_Vulcanus,NanoMart,nanomart_1v1,InfT5x1 -> InfT1x1,1v1,"[79,81]",attacker,104.332923,105,attacker,30.416153,30.416153,out_nanomart_nonT1_tier,FAIL,,att->def [t=12.524*(4*6)*1/(5.11*5*1.104)*9.791*1/sqrt(1)=104.333]; def->att [t=12.524*(8.016*10)*0.88/(1.02*1*1.03333)*1*0.77/sqrt(1)=645.407]
NanoMart_1v1_T6InfvT1Inf_SeoYoonlvl3_Vulcanus,NanoMart,nanomart_1v1,InfT4x1 -> InfT1x1,1v1,96,attacker,97.968625,98,attacker,2.050651,2.050651,out_nanomart_nonT1_tier,PASS,,att->def [t=12.524*(4*6)*1/(4.088*4*1.104)*5.884*1/sqrt(1)=97.9686]; def->att [t=12.524*(7.014*9)*0.88/(1.02*1*1.03333)*1*0.795/sqrt(1)=524.76]
NanoMart_1v1_T6InfvT6Inf_SeoYoonlvl3_Vulcanus,NanoMart,nanomart_1v1,InfT6x1 -> InfT6x1,1v1,264,attacker,234.679488,235,defender,-11.106255,11.106255,out_nanomart_nonT1_tier,FAIL,winner_mismatch,att->def [t=12.524*(9*11)*1/(6.132*6*1.104)*10.889*0.748/sqrt(1)=248.625]; def->att [t=12.524*(9.018*11)*0.88/(6.12*6*1.03333)*10.889*0.748/sqrt(1)=234.679]
NanoMart_1v2_T1InfvT1Inf_SeoYoonlvl3_Vulcanus,NanoMart,nanomart_multicount,InfT1x1 -> InfT1x2,1v2,192,defender,177.807095,178,defender,,,out_nanomart_multicount_winner_only,PASS,winner_only,att->def [t=12.524*(4*6)*1/(1.022*1*1.104)*1*1/sqrt(1)=266.4]; def->att [t=12.524*(4.008*6)*0.88/(1.02*1*1.03333)*1*1/sqrt(2)=177.807]
NanoMart_1v2_T1InfvT1Lan_SeoYoonlvl3_Vulcanus,NanoMart,nanomart_multicount,InfT1x1 -> LanT1x2,1v2,"[61,63]",defender,59.387715,60,defender,,,out_nanomart_multicount_winner_only,PASS,factorized_K;winner_only,att->def [t=22.43*(2*2)*1/(1.022*1*1.104)*1*1/sqrt(1)=79.5187]; def->att [t=83.6605*(4.008*6)*0.88/(4.08*5*1.03333)*1*1/sqrt(2)=59.3877]
NanoMart_1v2_T1LanvT1Inf_SeoYoonlvl3_Vulcanus,NanoMart,nanomart_multicount,LanT1x1 -> InfT1x2,1v2,"[55,57]",defender,53.074272,54,defender,,,out_nanomart_multicount_winner_only,PASS,factorized_K;winner_only,att->def [t=83.6605*(4*6)*1/(4.088*5*1.104)*1*1/sqrt(1)=88.9778]; def->att [t=22.43*(2.004*2)*0.88/(1.02*1*1.03333)*1*1/sqrt(2)=53.0743]
NanoMart_1v2_T1LanvT1Lan_SeoYoonlvl3_Vulcanus,NanoMart,nanomart_multicount,LanT1x1 -> LanT1x2,1v2,"[19,21]",defender,17.726851,18,defender,,,out_nanomart_multicount_winner_only,PASS,factorized_K;winner_only,att->def [t=149.833*(2*2)*1/(4.088*5*1.104)*1*1/sqrt(1)=26.5593]; def->att [t=149.833*(2.004*2)*0.88/(4.08*5*1.03333)*1*1/sqrt(2)=17.7269]
NanoMart_1v2_T1MMvT1MM_VulcanusVsVulcanus,NanoMart,nanomart_multicount,MMT1x1 -> MMT1x2,1v2,"[7,9]",defender,11.363700,12,defender,,,out_nanomart_multicount_winner_only,PASS,winner_only,att->def [t=566.66*(6.152*1)*1/(21.805*5*0.992)*1*1/sqrt(1)=32.233]; def->att [t=566.66*(4.341*1)*1/(30.86*5*0.992)*1*1/sqrt(2)=11.3637]
NanoMart_200_NoHero,NanoMart,nanomart_multicount,InfT6x200 -> InfT6x200,200v200,,attacker,19.408834,20,attacker,,,out_nanomart_multicount_winner_only,PASS,winner_only,att->def [t=12.524*(9*11)*1/(6.132*6*1)*10.889*0.748/sqrt(200)=19.4088]; def->att [t=12.524*(9.018*11)*1/(6.12*6*1)*10.889*0.748/sqrt(200)=19.4858]
NanoMart_200_SeoYoonlvl3,NanoMart,nanomart_multicount,InfT6x200 -> InfT6x200,200v200,,attacker,16.877247,17,attacker,,,out_nanomart_multicount_winner_only,PASS,winner_only,att->def [t=12.524*(9*11)*1/(6.132*6*1.15)*10.889*0.748/sqrt(200)=16.8772]; def->att [t=12.524*(9.018*11)*1/(6.12*6*1)*10.889*0.748/sqrt(200)=19.4858]
NanoMart_200_Vulcanus,NanoMart,nanomart_multicount,InfT6x200 -> InfT6x200,200v200,"[379,381]",defender,16.594346,17,defender,,,out_nanomart_multicount_winner_only,PASS,winner_only,att->def [t=12.524*(9*11)*1/(6.132*6*0.96)*10.889*0.748/sqrt(200)=20.2175]; def->att [t=12.524*(9.018*11)*0.88/(6.12*6*1.03333)*10.889*0.748/sqrt(200)=16.5943]
NanoMart_250_NoHero,NanoMart,nanomart_multicount,InfT6x250 -> InfT6x200,250v200,,attacker,17.359789,18,attacker,,,out_nanomart_multicount_winner_only,PASS,winner_only,att->def [t=12.524*(9*11)*1/(6.132*6*1)*10.889*0.748/sqrt(250)=17.3598]; def->att [t=12.524*(9.018*11)*1/(6.12*6*1)*10.889*0.748/sqrt(200)=19.4858]
NanoMart_250_SeoYoonlvl3,NanoMart,nanomart_multicount,InfT6x250 -> InfT6x200,250v200,,attacker,15.095469,16,attacker,,,out_nanomart_multicount_winner_only,PASS,winner_only,att->def [t=12.524*(9*11)*1/(6.132*6*1.15)*10.889*0.748/sqrt(250)=15.0955]; def->att [t=12.524*(9.018*11)*1/(6.12*6*1)*10.889*0.748/sqrt(200)=19.4858]
NanoMart_250_Vulcanus,NanoMart,nanomart_multicount,InfT6x250 -> InfT6x200,250v200,"[355,357]",attacker,16.594346,17,defender,,,out_nanomart_multicount_winner_only,FAIL,winner_only,att->def [t=12.524*(9*11)*1/(6.132*6*0.96)*10.889*0.748/sqrt(250)=18.0831]; def->att [t=12.524*(9.018*11)*0.88/(6.12*6*1.03333)*10.889*0.748/sqrt(200)=16.5943]
NanoMart_2v1_T1InfvT1Inf_SeoYoonlvl3_Vulcanus,NanoMart,nanomart_multicount,InfT1x2 -> InfT1x1,2v1,186,attacker,188.373295,189,attacker,,,out_nanomart_multicount_winner_only,PASS,winner_only,att->def [t=12.524*(4*6)*1/(1.022*1*1.104)*1*1/sqrt(2)=188.373]; def->att [t=12.524*(4.008*6)*0.88/(1.02*1*1.03333)*1*1/sqrt(1)=251.457]
NanoMart_2v1_T1InfvT1Lan_SeoYoonlvl3_Vulcanus,NanoMart,nanomart_multicount,InfT1x2 -> LanT1x1,2v1,"[55,57]",attacker,56.228215,57,attacker,,,out_nanomart_multicount_winner_only,PASS,factorized_K;winner_only,att->def [t=22.43*(2*2)*1/(1.022*1*1.104)*1*1/sqrt(2)=56.2282]; def->att [t=83.6605*(4.008*6)*0.88/(4.08*5*1.03333)*1*1/sqrt(1)=83.9869]
NanoMart_2v1_T1LanvT1Inf_SeoYoonlvl3_Vulcanus,NanoMart,nanomart_multicount,LanT1x2 -> InfT1x1,2v1,"[61,63]",attacker,62.916835,63,attacker,,,out_nanomart_multicount_winner_only,PASS,factorized_K;winner_only,att->def [t=83.6605*(4*6)*1/(4.088*5*1.104)*1*1/sqrt(2)=62.9168]; def->att [t=22.43*(2.004*2)*0.88/(1.02*1*1.03333)*1*1/sqrt(1)=75.0584]
NanoMart_2v1_T1LanvT1Lan_SeoYoonlvl3_Vulcanus,NanoMart,nanomart_multicount,LanT1x2 -> LanT1x1,2v1,"[19,21]",attacker,18.780270,19,attacker,,,out_nanomart_multicount_winner_only,PASS,factorized_K;winner_only,att->def [t=149.833*(2*2)*1/(4.088*5*1.104)*1*1/sqrt(2)=18.7803]; def->att [t=149.833*(2.004*2)*0.88/(4.08*5*1.03333)*1*1/sqrt(1)=25.0696]
NanoMart_2v1_T1LanvT1MM_SeoYoonlvl3_Vulcanus,NanoMart,nanomart_multicount,LanT1x2 -> MMT1x1,2v1,6,defender,3.706532,4,defender,,,out_nanomart_multicount_winner_only,PASS,factorized_K;winner_only,att->def [t=488.71*(6.152*1)*1/(4.088*5*1.104)*1*1/sqrt(2)=94.2112]; def->att [t=167.557*(2.004*2)*0.88/(30.86*5*1.03333)*1*1/sqrt(1)=3.70653]
NanoMart_2v1_T1MMvT1MM_SeoYoonlvl3_Vulcanus,NanoMart,nanomart_multicount,MMT1x2 -> MMT1x1,2v1,"[7,9]",defender,5.142623,6,defender,,,out_nanomart_multicount_winner_only,PASS,winner_only,att->def [t=566.66*(6.152*1)*1/(7.335*5*1.104)*1*1/sqrt(2)=60.8814]; def->att [t=566.66*(1.447*1)*1/(30.86*5*1.03333)*1*1/sqrt(1)=5.14262]
NanoMart_300_NoHero,NanoMart,nanomart_multicount,InfT6x300 -> InfT6x200,300v200,,attacker,15.847247,16,attacker,,,out_nanomart_multicount_winner_only,PASS,winner_only,att->def [t=12.524*(9*11)*1/(6.132*6*1)*10.889*0.748/sqrt(300)=15.8472]; def->att [t=12.524*(9.018*11)*1/(6.12*6*1)*10.889*0.748/sqrt(200)=19.4858]
NanoMart_300_SeoYoonlvl3,NanoMart,nanomart_multicount,InfT6x300 -> InfT6x200,300v200,,attacker,13.780215,14,attacker,,,out_nanomart_multicount_winner_only,PASS,winner_only,att->def [t=12.524*(9*11)*1/(6.132*6*1.15)*10.889*0.748/sqrt(300)=13.7802]; def->att [t=12.524*(9.018*11)*1/(6.12*6*1)*10.889*0.748/sqrt(200)=19.4858]
NanoMart_300_Vulcanus,NanoMart,nanomart_multicount,InfT6x300 -> InfT6x200,300v200,"[295,297]",attacker,16.507549,17,attacker,,,out_nanomart_multicount_winner_only,PASS,winner_only,att->def [t=12.524*(9*11)*1/(6.132*6*0.96)*10.889*0.748/sqrt(300)=16.5075]; def->att [t=12.524*(9.018*11)*0.88/(6.12*6*1.03333)*10.889*0.748/sqrt(200)=16.5943]
NanoMart_Exp4_1v1_T1InfvT1Inf_Att+10A+10L_Def+10A+10D+10H_SeoYoonlvl3_Vulcanus,NanoMart,nanomart_1v1,InfT1x1 -> InfT1x1,1v1,"[244,246]",defender,228.597459,229,defender,-6.694915,6.694915,out_vulcanus_dealer_bias_minus6_5,PASS,,att->def [t=12.524*(4.4*6.6)*1/(1.124*1.1*1.104)*1*1/sqrt(1)=266.447]; def->att [t=12.524*(4.008*6)*0.88/(1.02*1.1*1.03333)*1*1/sqrt(1)=228.597]
NanoMart_Exp4_1v1_T1InfvT1Inf_Att+10A+10L_Def+10A+20D+10H_SeoYoonlvl3_Vulcanus,NanoMart,nanomart_1v1,InfT1x1 -> InfT1x1,1v1,"[241,243]",defender,226.178438,227,defender,-6.537835,6.537835,out_vulcanus_dealer_bias_minus6_5,PASS,,att->def [t=12.524*(4.9*6.6)*1/(1.124*1.1*1.104)*1*1/sqrt(1)=296.726]; def->att [t=12.524*(4.008*6)*0.88/(1.134*1*1.03333)*1*1/sqrt(1)=226.178]
NanoMart_Exp4_1v1_T1InfvT1Inf_Att+10A+10L_Def+10A+20D_SeoYoonlvl3_Vulcanus,NanoMart,nanomart_1v1,InfT1x1 -> InfT1x1,1v1,"[265,267]",attacker,251.685587,252,defender,-5.381358,5.381358,in_nanomart_seoyoon_dealer,FAIL,winner_mismatch,att->def [t=12.524*(4.9*6)*1/(1.135*1.1*1.104)*1*1/sqrt(1)=267.136]; def->att [t=12.524*(4.46*6)*0.88/(1.134*1*1.03333)*1*1/sqrt(1)=251.686]
NanoMart_Exp4_1v1_T1InfvT1Inf_Att+10A+10L_Def+10D+10H_SeoYoonlvl3_Vulcanus,NanoMart,nanomart_1v1,InfT1x1 -> InfT1x1,1v1,"[262,264]",attacker,251.457205,252,defender,-4.388896,4.388896,in_nanomart_seoyoon_dealer,FAIL,winner_mismatch,att->def [t=12.524*(4.4*6.6)*1/(1.124*1.1*1.104)*1*1/sqrt(1)=266.447]; def->att [t=12.524*(4.008*6)*0.88/(1.02*1*1.03333)*1*1/sqrt(1)=251.457]
NanoMart_Exp4_1v1_T1InfvT1Inf_Att+10L_Def+10A+20D_SeoYoonlvl3_Vulcanus,NanoMart,nanomart_1v1,InfT1x1 -> InfT1x1,1v1,"[241,243]",defender,226.178438,227,defender,-6.537835,6.537835,out_vulcanus_dealer_bias_minus6_5,PASS,,att->def [t=12.524*(4.9*6)*1/(1.022*1.1*1.104)*1*1/sqrt(1)=296.673]; def->att [t=12.524*(4.008*6)*0.88/(1.134*1*1.03333)*1*1/sqrt(1)=226.178]
NanoMart_Exp4_1v1_T1InfvT1Inf_Att+10L_Def+10D+10H_SeoYoonlvl3_Vulcanus,NanoMart,nanomart_1v1,InfT1x1 -> InfT1x1,1v1,"[268,270]",defender,251.457205,252,defender,-6.521485,6.521485,out_vulcanus_dealer_bias_minus6_5,PASS,,att->def [t=12.524*(4.4*6.6)*1/(1.022*1.1*1.104)*1*1/sqrt(1)=293.04]; def->att [t=12.524*(4.008*6)*0.88/(1.02*1*1.03333)*1*1/sqrt(1)=251.457]
NanoMart_Exp4_1v1_T1InfvT1Inf_Att+10L_Def+10D_SeoYoonlvl3_Vulcanus,NanoMart,nanomart_1v1,InfT1x1 -> InfT1x1,1v1,"[262,264]",attacker,251.457205,252,defender,-4.388896,4.388896,in_nanomart_seoyoon_dealer,FAIL,winner_mismatch,att->def [t=12.524*(4.4*6)*1/(1.022*1.1*1.104)*1*1/sqrt(1)=266.4]; def->att [t=12.524*(4.008*6)*0.88/(1.02*1*1.03333)*1*1/sqrt(1)=251.457]
NanoMart_Exp4_1v1_T1InfvT1Inf_Def+10A+10D_SeoYoonlvl3_Vulcanus,NanoMart,nanomart_1v1,InfT1x1 -> InfT1x1,1v1,"[241,243]",defender,226.178438,227,defender,-6.537835,6.537835,out_vulcanus_dealer_bias_minus6_5,PASS,,att->def [t=12.524*(4.456*6)*1/(1.022*1*1.104)*1*1/sqrt(1)=296.77]; def->att [t=12.524*(4.008*6)*0.88/(1.134*1*1.03333)*1*1/sqrt(1)=226.178]
NanoMart_Exp4_1v1_T1InfvT1Inf_Def+10A+20D+10H_SeoYoonlvl3_Vulcanus,NanoMart,nanomart_1v1,InfT1x1 -> InfT1x1,1v1,"[241,243]",defender,226.178438,227,defender,-6.537835,6.537835,out_vulcanus_dealer_bias_minus6_5,PASS,,att->def [t=12.524*(4.9*6.606)*1/(1.022*1*1.104)*1*1/sqrt(1)=359.3]; def->att [t=12.524*(4.008*6)*0.88/(1.134*1*1.03333)*1*1/sqrt(1)=226.178]
NanoMart_Exp4_1v1_T1InfvT1Inf_Def+10A+20D_SeoYoonlvl3_Vulcanus,NanoMart,nanomart_1v1,InfT1x1 -> InfT1x1,1v1,"[241,243]",defender,226.178438,227,defender,-6.537835,6.537835,out_vulcanus_dealer_bias_minus6_5,PASS,,att->def [t=12.524*(4.9*6)*1/(1.022*1*1.104)*1*1/sqrt(1)=326.34]; def->att [t=12.524*(4.008*6)*0.88/(1.134*1*1.03333)*1*1/sqrt(1)=226.178]
NanoMart_Exp4_1v1_T1InfvT1Inf_Def+10D_SeoYoonlvl3_Vulcanus,NanoMart,nanomart_1v1,InfT1x1 -> InfT1x1,1v1,"[268,270]",defender,251.457205,252,defender,-6.521485,6.521485,out_vulcanus_dealer_bias_minus6_5,PASS,,att->def [t=12.524*(4.4*6)*1/(1.022*1*1.104)*1*1/sqrt(1)=293.04]; def->att [t=12.524*(4.008*6)*0.88/(1.02*1*1.03333)*1*1/sqrt(1)=251.457]
NanoMart_SetA_1v1_T1InfvT1Inf_Vulcanus_SeoYoonlvl3,NanoMart,nanomart_1v1,InfT1x1 -> InfT1x1,1v1,"[262,264]",defender,251.457205,252,attacker,-4.388896,4.388896,in_nanomart_seoyoon_dealer,FAIL,winner_mismatch,att->def [t=12.524*(4.008*6)*0.88/(1.02*1*1.03333)*1*1/sqrt(1)=251.457]; def->att [t=12.524*(4*6)*1/(1.022*1*1.104)*1*1/sqrt(1)=266.4]
NanoMart_SetA_1v1_T3InfvT2Inf_SeoYoonlvl3_Vulcanus,NanoMart,nanomart_1v1,InfT3x1 -> InfT2x1,1v1,"[187,189]",attacker,185.863109,186,attacker,-1.136644,1.136644,out_nanomart_nonT1_tier,PASS,,att->def [t=12.524*(5*7)*1/(3.066*3*1.104)*4.323*0.996/sqrt(1)=185.863]; def->att [t=12.524*(6.012*8)*0.88/(2.04*2*1.03333)*2.68*0.904/sqrt(1)=304.605]
NanoMart_SetA_1v1_T4InfvT2Inf_SeoYoonlvl3_Vulcanus,NanoMart,nanomart_1v1,InfT4x1 -> InfT2x1,1v1,"[142,144]",attacker,142.299428,143,attacker,-0.489911,0.489911,out_nanomart_nonT1_tier,PASS,ceil_exact_or_in_band,att->def [t=12.524*(5*7)*1/(4.088*4*1.104)*5.884*0.996/sqrt(1)=142.299]; def->att [t=12.524*(7.014*9)*0.88/(2.04*2*1.03333)*2.68*0.795/sqrt(1)=351.589]
NanoMart_SetA_1v1_T5InfvT1Inf_SeoYoonlvl3_Vulcanus,NanoMart,nanomart_1v1,InfT5x1 -> InfT1x1,1v1,"[79,81]",attacker,104.332923,105,attacker,30.416153,30.416153,out_nanomart_nonT1_tier,FAIL,,att->def [t=12.524*(4*6)*1/(5.11*5*1.104)*9.791*1/sqrt(1)=104.333]; def->att [t=12.524*(8.016*10)*0.88/(1.02*1*1.03333)*1*0.77/sqrt(1)=645.407]
NanoMart_SetA_1v1_T5InfvT2Inf_SeoYoonlvl3_Vulcanus,NanoMart,nanomart_1v1,InfT5x1 -> InfT2x1,1v1,"[118,120]",attacker,151.543570,152,attacker,27.347538,27.347538,out_nanomart_nonT1_tier,FAIL,,att->def [t=12.524*(5*7)*1/(5.11*5*1.104)*9.791*0.996/sqrt(1)=151.544]; def->att [t=12.524*(8.016*10)*0.88/(2.04*2*1.03333)*2.68*0.77/sqrt(1)=432.423]
NanoMart_SetA_1v1_T6InfvT2Inf_SeoYoonlvl3_Vulcanus,NanoMart,nanomart_1v1,InfT6x1 -> InfT2x1,1v1,"[100,102]",attacker,117.040446,118,attacker,15.881630,15.881630,out_nanomart_nonT1_tier,FAIL,,att->def [t=12.524*(5*7)*1/(6.132*6*1.104)*10.889*0.996/sqrt(1)=117.04]; def->att [t=12.524*(9.018*11)*0.88/(2.04*2*1.03333)*2.68*0.748/sqrt(1)=519.834]
NanoMart_SetA_1v1_T6InfvT2Inf_SeoYoonlvl3_Vulcanus_Duplicate2,NanoMart,nanomart_1v1,InfT6x1 -> InfT2x1,1v1,"[100,102]",attacker,117.040446,118,attacker,15.881630,15.881630,out_nanomart_nonT1_tier,FAIL,,att->def [t=12.524*(5*7)*1/(6.132*6*1.104)*10.889*0.996/sqrt(1)=117.04]; def->att [t=12.524*(9.018*11)*0.88/(2.04*2*1.03333)*2.68*0.748/sqrt(1)=519.834]
NanoMart_SetB_1v1_T1InfvT1Inf_NoAttackerHero_Vulcanus,NanoMart,nanomart_1v1,InfT1x1 -> InfT1x1,1v1,"[268,270]",defender,251.457205,252,defender,-6.521485,6.521485,out_vulcanus_dealer_bias_minus6_5,PASS,,att->def [t=12.524*(4*6)*1/(1.022*1*0.96)*1*1/sqrt(1)=306.36]; def->att [t=12.524*(4.008*6)*0.88/(1.02*1*1.03333)*1*1/sqrt(1)=251.457]
NanoMart_SetB_1v1_T1InfvT1Inf_Vulcanus_SeoYoonlvl3,NanoMart,nanomart_1v1,InfT1x1 -> InfT1x1,1v1,"[262,264]",defender,251.457205,252,attacker,-4.388896,4.388896,in_nanomart_seoyoon_dealer,FAIL,winner_mismatch,att->def [t=12.524*(4.008*6)*0.88/(1.02*1*1.03333)*1*1/sqrt(1)=251.457]; def->att [t=12.524*(4*6)*1/(1.022*1*1.104)*1*1/sqrt(1)=266.4]
NanoMart_SetB_1v1_T1LanvT1Lan_NoAttackerHero_Vulcanus,NanoMart,nanomart_1v1,LanT1x1 -> LanT1x1,1v1,"[28,30]",defender,25.069552,26,defender,-13.553267,13.553267,out_factorized_K_pm15,PASS,factorized_K,att->def [t=149.833*(2*2)*1/(4.088*5*0.96)*1*1/sqrt(1)=30.5432]; def->att [t=149.833*(2.004*2)*0.88/(4.08*5*1.03333)*1*1/sqrt(1)=25.0696]
NanoMart_SetC_1v3_T1InfvT1Inf_SeoYoonlvl3_Vulcanus,NanoMart,nanomart_multicount,InfT1x1 -> InfT1x3,1v3,"[154,156]",defender,145.178885,146,defender,,,out_nanomart_multicount_winner_only,PASS,winner_only,att->def [t=12.524*(4*6)*1/(1.022*1*1.104)*1*1/sqrt(1)=266.4]; def->att [t=12.524*(4.008*6)*0.88/(1.02*1*1.03333)*1*1/sqrt(3)=145.179]
NanoMart_SetC_1v5_T1InfvT1Inf_SeoYoonlvl3_Vulcanus,NanoMart,nanomart_multicount,InfT1x1 -> InfT1x5,1v5,"[118,120]",defender,112.455081,113,defender,,,out_nanomart_multicount_winner_only,PASS,winner_only,att->def [t=12.524*(4*6)*1/(1.022*1*1.104)*1*1/sqrt(1)=266.4]; def->att [t=12.524*(4.008*6)*0.88/(1.02*1*1.03333)*1*1/sqrt(5)=112.455]
NanoMart_SetC_2v2_T1InfvT1Inf_SeoYoonlvl3_Vulcanus,NanoMart,nanomart_multicount,InfT1x2 -> InfT1x2,2v2,"[316,318]",attacker,177.807095,178,defender,,,out_nanomart_multicount_winner_only,FAIL,winner_only,att->def [t=12.524*(4*6)*1/(1.022*1*1.104)*1*1/sqrt(2)=188.373]; def->att [t=12.524*(4.008*6)*0.88/(1.02*1*1.03333)*1*1/sqrt(2)=177.807]
NanoMart_SetC_2v2_T1LanvT1Lan_SeoYoonlvl3_Vulcanus,NanoMart,nanomart_multicount,LanT1x2 -> LanT1x2,2v2,"[34,36]",attacker,17.726851,18,defender,,,out_nanomart_multicount_winner_only,FAIL,factorized_K;winner_only,att->def [t=149.833*(2*2)*1/(4.088*5*1.104)*1*1/sqrt(2)=18.7803]; def->att [t=149.833*(2.004*2)*0.88/(4.08*5*1.03333)*1*1/sqrt(2)=17.7269]
NanoMart_SetC_3v1_T1InfvT1Inf_SeoYoonlvl3_Vulcanus,NanoMart,nanomart_multicount,InfT1x3 -> InfT1x1,3v1,"[151,153]",attacker,153.806151,154,attacker,,,out_nanomart_multicount_winner_only,PASS,winner_only,att->def [t=12.524*(4*6)*1/(1.022*1*1.104)*1*1/sqrt(3)=153.806]; def->att [t=12.524*(4.008*6)*0.88/(1.02*1*1.03333)*1*1/sqrt(1)=251.457]
exp0_beast,legacy,legacy,InfTNonex20000 -> none,20000v0,,defender,capped,1500+,defender,,,out_legacy_no_numeric_inputs,SKIP,legacy_no_numeric_inputs,legacy row skipped: no numeric normalized inputs
exp1_mirror_20k,legacy,legacy,none -> none,0v0,,attacker,capped,1500+,attacker,,,out_legacy_no_numeric_inputs,SKIP,legacy_no_numeric_inputs,legacy row skipped: no numeric normalized inputs
exp2_mirror_2k,legacy,legacy,none -> none,0v0,,attacker,capped,1500+,attacker,,,out_legacy_no_numeric_inputs,SKIP,legacy_no_numeric_inputs,legacy row skipped: no numeric normalized inputs
exp3a_lancer,legacy,legacy,LanTNonex10000 -> MMTNonex10000,10000v10000,,attacker,capped,1500+,attacker,,,out_legacy_no_numeric_inputs,SKIP,legacy_class_inferred;legacy_no_numeric_inputs,legacy row skipped: no numeric normalized inputs
exp3b_lancer,legacy,legacy,none -> none,0v0,,defender,capped,1500+,defender,,,out_legacy_no_numeric_inputs,SKIP,legacy_no_numeric_inputs,legacy row skipped: no numeric normalized inputs
exp4_inf_vs_lancer,legacy,legacy,InfTNonex10000 -> LanTNonex10000,10000v10000,,attacker,capped,1500+,attacker,,,out_legacy_no_numeric_inputs,SKIP,legacy_no_numeric_inputs,legacy row skipped: no numeric normalized inputs
exp4b_inf_vs_lancer_mueller_updated,legacy,legacy,InfTNonex10000 -> LanTNonex10000,10000v10000,,attacker,capped,1500+,attacker,,,out_legacy_no_numeric_inputs,SKIP,legacy_no_numeric_inputs,legacy row skipped: no numeric normalized inputs
exp4c_inf_vs_lancer_gordon,legacy,legacy,InfTNonex10000 -> LanTNonex10000,10000v10000,,attacker,capped,1500+,attacker,,,out_legacy_no_numeric_inputs,SKIP,legacy_no_numeric_inputs,legacy row skipped: no numeric normalized inputs
exp5_inf_vs_marksman,legacy,legacy,InfTNonex10000 -> MMTNonex10000,10000v10000,,attacker,capped,1500+,attacker,,,out_legacy_no_numeric_inputs,SKIP,legacy_no_numeric_inputs,legacy row skipped: no numeric normalized inputs
